-- Payroll tables and imported seed data from PAYROLL_2026.xlsx
-- Source workbook: F:/OneDrive/JJFS/Juja Brew & Bites/Visayas Ave., Pasong Tamo/Finance/PAYROLL_2026.xlsx

create table if not exists public.payroll_employees (
  id text primary key,
  employee_no text unique,
  full_name text not null unique,
  default_daily_rate numeric(12, 2) not null default 0,
  role text default 'staff',
  active boolean not null default true,
  created_at timestamptz not null default now(),
  updated_at timestamptz not null default now()
);

create table if not exists public.payroll_periods (
  id text primary key,
  label text not null,
  source_sheet text unique,
  period_start date,
  period_end date,
  pay_date date,
  status text not null default 'draft' check (status in ('draft', 'approved', 'paid', 'void')),
  created_at timestamptz not null default now(),
  updated_at timestamptz not null default now()
);

create table if not exists public.payroll_entries (
  id text primary key,
  period_id text not null references public.payroll_periods(id) on delete cascade,
  employee_id text not null references public.payroll_employees(id) on delete restrict,
  daily_rate numeric(12, 2) not null default 0,
  days_worked numeric(8, 2) not null default 0,
  overtime_hours numeric(8, 2) not null default 0,
  overtime_rate numeric(12, 4) not null default 0,
  absent_days numeric(8, 2) not null default 0,
  late_minutes numeric(10, 2) not null default 0,
  late_rate_per_minute numeric(12, 6) not null default 0,
  undertime_minutes numeric(10, 2) not null default 0,
  undertime_rate_per_minute numeric(12, 6) not null default 0,
  allowance_15th numeric(12, 2) not null default 0,
  allowance_30th numeric(12, 2) not null default 0,
  cash_advance_deduction numeric(12, 2) not null default 0,
  gross_total numeric(12, 2) not null default 0,
  deduction_total numeric(12, 2) not null default 0,
  net_total numeric(12, 2) not null default 0,
  status text not null default 'draft' check (status in ('draft', 'approved', 'paid', 'void')),
  source_sheet text,
  notes text,
  generated_at timestamptz,
  created_at timestamptz not null default now(),
  updated_at timestamptz not null default now(),
  unique (period_id, employee_id)
);

create table if not exists public.payroll_attendance (
  id text primary key,
  period_id text not null references public.payroll_periods(id) on delete cascade,
  employee_id text not null references public.payroll_employees(id) on delete restrict,
  work_date date not null,
  schedule_in text,
  schedule_out text,
  actual_in text,
  actual_out text,
  late_minutes numeric(10, 2) not null default 0,
  undertime_minutes numeric(10, 2) not null default 0,
  overtime_hours numeric(8, 2) not null default 0,
  status text not null default 'blank',
  notes text,
  created_at timestamptz not null default now(),
  updated_at timestamptz not null default now(),
  unique (period_id, employee_id, work_date)
);

create table if not exists public.payroll_schedules (
  id text primary key,
  period_id text not null references public.payroll_periods(id) on delete cascade,
  employee_id text not null references public.payroll_employees(id) on delete restrict,
  work_date date not null,
  schedule_in text,
  schedule_out text,
  status text not null default 'scheduled' check (status in ('scheduled', 'rest_day', 'closed')),
  notes text,
  created_at timestamptz not null default now(),
  updated_at timestamptz not null default now(),
  unique (period_id, employee_id, work_date)
);

create table if not exists public.payroll_cash_advances (
  id text primary key,
  employee_id text not null references public.payroll_employees(id) on delete restrict,
  advance_date date not null default current_date,
  amount numeric(12, 2) not null default 0,
  reason text,
  status text not null default 'active' check (status in ('active', 'paid', 'void')),
  created_at timestamptz not null default now(),
  updated_at timestamptz not null default now()
);

create table if not exists public.payroll_cash_advance_repayments (
  id text primary key,
  cash_advance_id text not null references public.payroll_cash_advances(id) on delete cascade,
  employee_id text not null references public.payroll_employees(id) on delete restrict,
  period_id text references public.payroll_periods(id) on delete set null,
  payment_date date not null default current_date,
  amount numeric(12, 2) not null default 0,
  method text not null default 'payroll deduction',
  notes text,
  created_at timestamptz not null default now(),
  updated_at timestamptz not null default now()
);

alter table public.payroll_employees
  add column if not exists employee_no text;

create unique index if not exists payroll_employees_employee_no_key
  on public.payroll_employees(employee_no)
  where employee_no is not null;

alter table public.payroll_entries
  add column if not exists cash_advance_deduction numeric(12, 2) not null default 0,
  add column if not exists generated_at timestamptz;

alter table public.payroll_attendance
  add column if not exists notes text;

create index if not exists payroll_entries_period_idx on public.payroll_entries(period_id);
create index if not exists payroll_entries_employee_idx on public.payroll_entries(employee_id);
create index if not exists payroll_attendance_period_employee_idx on public.payroll_attendance(period_id, employee_id);
create index if not exists payroll_schedules_period_employee_idx on public.payroll_schedules(period_id, employee_id);
create index if not exists payroll_cash_advances_employee_idx on public.payroll_cash_advances(employee_id);
create index if not exists payroll_cash_advance_repayments_advance_idx on public.payroll_cash_advance_repayments(cash_advance_id);

alter table public.payroll_employees enable row level security;
drop policy if exists "payroll_employees_admin_all" on public.payroll_employees;
create policy "payroll_employees_admin_all"
  on public.payroll_employees
  for all
  to authenticated
  using (exists (select 1 from public.profiles p where p.id = auth.uid() and p.role in ('admin', 'super_admin')))
  with check (exists (select 1 from public.profiles p where p.id = auth.uid() and p.role in ('admin', 'super_admin')));
grant select, insert, update, delete on public.payroll_employees to authenticated;

alter table public.payroll_periods enable row level security;
drop policy if exists "payroll_periods_admin_all" on public.payroll_periods;
create policy "payroll_periods_admin_all"
  on public.payroll_periods
  for all
  to authenticated
  using (exists (select 1 from public.profiles p where p.id = auth.uid() and p.role in ('admin', 'super_admin')))
  with check (exists (select 1 from public.profiles p where p.id = auth.uid() and p.role in ('admin', 'super_admin')));
grant select, insert, update, delete on public.payroll_periods to authenticated;

alter table public.payroll_entries enable row level security;
drop policy if exists "payroll_entries_admin_all" on public.payroll_entries;
create policy "payroll_entries_admin_all"
  on public.payroll_entries
  for all
  to authenticated
  using (exists (select 1 from public.profiles p where p.id = auth.uid() and p.role in ('admin', 'super_admin')))
  with check (exists (select 1 from public.profiles p where p.id = auth.uid() and p.role in ('admin', 'super_admin')));
grant select, insert, update, delete on public.payroll_entries to authenticated;

alter table public.payroll_attendance enable row level security;
drop policy if exists "payroll_attendance_admin_all" on public.payroll_attendance;
create policy "payroll_attendance_admin_all"
  on public.payroll_attendance
  for all
  to authenticated
  using (exists (select 1 from public.profiles p where p.id = auth.uid() and p.role in ('admin', 'super_admin')))
  with check (exists (select 1 from public.profiles p where p.id = auth.uid() and p.role in ('admin', 'super_admin')));
grant select, insert, update, delete on public.payroll_attendance to authenticated;

alter table public.payroll_schedules enable row level security;
drop policy if exists "payroll_schedules_admin_all" on public.payroll_schedules;
create policy "payroll_schedules_admin_all"
  on public.payroll_schedules
  for all
  to authenticated
  using (exists (select 1 from public.profiles p where p.id = auth.uid() and p.role in ('admin', 'super_admin')))
  with check (exists (select 1 from public.profiles p where p.id = auth.uid() and p.role in ('admin', 'super_admin')));
grant select, insert, update, delete on public.payroll_schedules to authenticated;

alter table public.payroll_cash_advances enable row level security;
drop policy if exists "payroll_cash_advances_admin_all" on public.payroll_cash_advances;
create policy "payroll_cash_advances_admin_all"
  on public.payroll_cash_advances
  for all
  to authenticated
  using (exists (select 1 from public.profiles p where p.id = auth.uid() and p.role in ('admin', 'super_admin')))
  with check (exists (select 1 from public.profiles p where p.id = auth.uid() and p.role in ('admin', 'super_admin')));
grant select, insert, update, delete on public.payroll_cash_advances to authenticated;

alter table public.payroll_cash_advance_repayments enable row level security;
drop policy if exists "payroll_cash_advance_repayments_admin_all" on public.payroll_cash_advance_repayments;
create policy "payroll_cash_advance_repayments_admin_all"
  on public.payroll_cash_advance_repayments
  for all
  to authenticated
  using (exists (select 1 from public.profiles p where p.id = auth.uid() and p.role in ('admin', 'super_admin')))
  with check (exists (select 1 from public.profiles p where p.id = auth.uid() and p.role in ('admin', 'super_admin')));
grant select, insert, update, delete on public.payroll_cash_advance_repayments to authenticated;

insert into public.payroll_employees (id, full_name, default_daily_rate) values
  ('cindy-malagueno', 'CINDY MALAGUEÑO', 450),
  ('lyca-amparado', 'LYCA AMPARADO', 300),
  ('mark-lester-arce', 'MARK LESTER ARCE', 450),
  ('mary-kristine-bagayawa', 'MARY KRISTINE BAGAYAWA', 300),
  ('mecaila-amparado', 'MECAILA AMPARADO', 350),
  ('norilyn-hernandez', 'NORILYN HERNANDEZ', 400),
  ('reinalyn-abarcar', 'REINALYN ABARCAR', 550),
  ('richel-amparado', 'RICHEL AMPARADO', 350)
on conflict (id) do update set full_name = excluded.full_name, default_daily_rate = excluded.default_daily_rate, updated_at = now();

update public.payroll_employees e
set employee_no = seed.employee_no
from (values
  ('cindy-malagueno', 'EMP-003'),
  ('lyca-amparado', 'EMP-007'),
  ('mark-lester-arce', 'EMP-002'),
  ('mary-kristine-bagayawa', 'EMP-008'),
  ('mecaila-amparado', 'EMP-006'),
  ('norilyn-hernandez', 'EMP-004'),
  ('reinalyn-abarcar', 'EMP-001'),
  ('richel-amparado', 'EMP-005')
) as seed(id, employee_no)
where e.id = seed.id
  and (e.employee_no is null or e.employee_no = seed.employee_no);

insert into public.payroll_periods (id, label, source_sheet, period_start, period_end, pay_date) values
  ('2026-jan-15', '2026 Jan 15', '2026_Jan 15', '2025-12-26', '2026-01-15', '2026-01-15'),
  ('2026-jan-31', '2026 Jan 31', '2026_Jan 31', '2026-01-11', '2026-01-31', '2026-01-31'),
  ('2026-feb-21', '2026 Feb 21', '2026_Feb 21', '2026-02-15', '2026-02-21', '2026-02-21'),
  ('2026-mar-28', '2026 Mar 28', '2026_Mar 28', '2026-03-21', '2026-03-27', '2026-03-28'),
  ('2026-apr-2', '2026 Apr 2', '2026_Apr 2', '2026-03-28', '2026-04-02', '2026-04-02'),
  ('2026-apr-11', '2026 Apr 11', '2026_Apr 11', '2026-04-04', '2026-04-10', '2026-04-11'),
  ('2026-apr-18', '2026 Apr 18', '2026_Apr 18', '2026-04-11', '2026-04-17', '2026-04-18'),
  ('2026-apr-25', '2026 Apr 25', '2026_Apr 25', '2026-04-18', '2026-04-24', '2026-04-25')
on conflict (id) do update set label = excluded.label, source_sheet = excluded.source_sheet, period_start = excluded.period_start, period_end = excluded.period_end, pay_date = excluded.pay_date, updated_at = now();

insert into public.payroll_entries (id, period_id, employee_id, daily_rate, days_worked, overtime_hours, overtime_rate, absent_days, late_minutes, late_rate_per_minute, undertime_minutes, undertime_rate_per_minute, allowance_15th, allowance_30th, gross_total, deduction_total, net_total, source_sheet) values
  ('2026-apr-11-cindy-malagueno', '2026-apr-11', 'cindy-malagueno', 450, 5, 17, 56.25, 0, 0, 0.9375, 0, 0.9375, 0, 0, 3206.25, 0, 3206.25, '2026_Apr 11'),
  ('2026-apr-11-lyca-amparado', '2026-apr-11', 'lyca-amparado', 300, 6, 0, 37.5, 0, 20, 0, 0, 0.9375, 0, 0, 1800, 0, 1800, '2026_Apr 11'),
  ('2026-apr-11-mark-lester-arce', '2026-apr-11', 'mark-lester-arce', 450, 5, 4, 56.25, 0, 70, 0.9375, 0, 0.9375, 0, 0, 2475, 65.625, 2409.375, '2026_Apr 11'),
  ('2026-apr-11-mecaila-amparado', '2026-apr-11', 'mecaila-amparado', 350, 6, 18, 43.75, 0, 210, 1.145833, 0, 1.145833, 0, 0, 2887.5, 240.625, 2646.875, '2026_Apr 11'),
  ('2026-apr-11-norilyn-hernandez', '2026-apr-11', 'norilyn-hernandez', 400, 6, 0, 50, 0, 0, 0.9375, 0, 0.9375, 0, 0, 2400, 0, 2400, '2026_Apr 11'),
  ('2026-apr-11-reinalyn-abarcar', '2026-apr-11', 'reinalyn-abarcar', 550, 5, 35, 68.75, 0, 210, 1.145833, 0, 1.145833, 0, 0, 5156.25, 240.625, 4915.625, '2026_Apr 11'),
  ('2026-apr-11-richel-amparado', '2026-apr-11', 'richel-amparado', 350, 0, 0, 43.75, 7, 0, 0, 0, 0.9375, 0, 0, 0, 0, 0, '2026_Apr 11'),
  ('2026-apr-18-cindy-malagueno', '2026-apr-18', 'cindy-malagueno', 450, 7, 22, 56.25, 0, 120, 0.9375, 0, 0.9375, 0, 0, 4387.5, 112.5, 4275, '2026_Apr 18'),
  ('2026-apr-18-lyca-amparado', '2026-apr-18', 'lyca-amparado', 300, 6, 0, 37.5, 0, 5, 0, 0, 0.9375, 0, 0, 1800, 0, 1800, '2026_Apr 18'),
  ('2026-apr-18-mark-lester-arce', '2026-apr-18', 'mark-lester-arce', 450, 6, 0, 56.25, 0, 220, 0.9375, 0, 0.9375, 0, 0, 2700, 206.25, 2493.75, '2026_Apr 18'),
  ('2026-apr-18-mary-kristine-bagayawa', '2026-apr-18', 'mary-kristine-bagayawa', 300, 2, 0, 37.5, 0, 5, 0, 0, 0.9375, 0, 0, 600, 0, 600, '2026_Apr 18'),
  ('2026-apr-18-mecaila-amparado', '2026-apr-18', 'mecaila-amparado', 350, 5, 24, 43.75, 1, 165, 1.145833, 0, 1.145833, 1000, 0, 3800, 189.0625, 3610.9375, '2026_Apr 18'),
  ('2026-apr-18-norilyn-hernandez', '2026-apr-18', 'norilyn-hernandez', 400, 7, 0, 50, 0, 0, 0.9375, 0, 0.9375, 0, 0, 2800, 0, 2800, '2026_Apr 18'),
  ('2026-apr-18-reinalyn-abarcar', '2026-apr-18', 'reinalyn-abarcar', 550, 6, 42, 68.75, 0, 165, 1.145833, 0, 1.145833, 1000, 0, 7187.5, 189.0625, 6998.4375, '2026_Apr 18'),
  ('2026-apr-18-richel-amparado', '2026-apr-18', 'richel-amparado', 350, 2, 0, 43.75, 5, 0, 0, 0, 0.9375, 0, 0, 700, 0, 700, '2026_Apr 18'),
  ('2026-apr-2-cindy-malagueno', '2026-apr-2', 'cindy-malagueno', 450, 6, 20, 56.25, 0, 69, 0.9375, 0, 0.9375, 0, 0, 3825, 64.6875, 3760.3125, '2026_Apr 2'),
  ('2026-apr-2-lyca-amparado', '2026-apr-2', 'lyca-amparado', 300, 6, 0, 37.5, 0, 38, 0, 0, 0.9375, 0, 0, 1800, 0, 1800, '2026_Apr 2'),
  ('2026-apr-2-mark-lester-arce', '2026-apr-2', 'mark-lester-arce', 450, 4, 0, 56.25, 0, 170, 0.9375, 0, 0.9375, 0, 0, 1800, 159.375, 1640.625, '2026_Apr 2'),
  ('2026-apr-2-mecaila-amparado', '2026-apr-2', 'mecaila-amparado', 350, 6, 29, 43.75, 0, 80, 1.145833, 0, 1.145833, 0, 0, 3368.75, 91.666667, 3277.083333, '2026_Apr 2'),
  ('2026-apr-2-norilyn-hernandez', '2026-apr-2', 'norilyn-hernandez', 400, 6, 0, 50, 0, 0, 0.9375, 0, 0.9375, 0, 0, 2400, 0, 2400, '2026_Apr 2'),
  ('2026-apr-2-reinalyn-abarcar', '2026-apr-2', 'reinalyn-abarcar', 550, 6, 32, 68.75, 0, 80, 1.145833, 0, 1.145833, 0, 0, 5500, 91.666667, 5408.333333, '2026_Apr 2'),
  ('2026-apr-2-richel-amparado', '2026-apr-2', 'richel-amparado', 350, 0, 0, 43.75, 6, 0, 0, 0, 0.9375, 0, 0, 0, 0, 0, '2026_Apr 2'),
  ('2026-apr-25-cindy-malagueno', '2026-apr-25', 'cindy-malagueno', 450, 7, 17, 56.25, 0, 85, 0.9375, 0, 0.9375, 0, 0, 4106.25, 79.6875, 4026.5625, '2026_Apr 25'),
  ('2026-apr-25-lyca-amparado', '2026-apr-25', 'lyca-amparado', 300, 6, 0, 37.5, 0, 0, 0, 0, 0.9375, 0, 0, 1800, 0, 1800, '2026_Apr 25'),
  ('2026-apr-25-mark-lester-arce', '2026-apr-25', 'mark-lester-arce', 450, 6, 5, 56.25, 0, 100, 0.9375, 0, 0.9375, 0, 0, 2981.25, 93.75, 2887.5, '2026_Apr 25'),
  ('2026-apr-25-mary-kristine-bagayawa', '2026-apr-25', 'mary-kristine-bagayawa', 300, 6, 0, 37.5, 0, 0, 0, 0, 0.9375, 0, 0, 1800, 0, 1800, '2026_Apr 25'),
  ('2026-apr-25-mecaila-amparado', '2026-apr-25', 'mecaila-amparado', 350, 6, 32, 43.75, 0, 105, 1.145833, 0, 1.145833, 400.02, 0, 3900.02, 120.3125, 3779.7075, '2026_Apr 25'),
  ('2026-apr-25-norilyn-hernandez', '2026-apr-25', 'norilyn-hernandez', 400, 5, 0, 50, 0, 0, 0.9375, 0, 0.9375, 0, 0, 2000, 0, 2000, '2026_Apr 25'),
  ('2026-apr-25-reinalyn-abarcar', '2026-apr-25', 'reinalyn-abarcar', 550, 5, 37, 68.75, 1, 105, 1.145833, 0, 1.145833, 0, 0, 5293.75, 120.3125, 5173.4375, '2026_Apr 25'),
  ('2026-apr-25-richel-amparado', '2026-apr-25', 'richel-amparado', 350, 6, 0, 43.75, 0, 0, 0, 0, 0.9375, 0, 0, 2100, 0, 2100, '2026_Apr 25'),
  ('2026-feb-21-cindy-malagueno', '2026-feb-21', 'cindy-malagueno', 450, 7, 3, 56.25, 0, 130, 0.9375, 0, 0.9375, 0, 0, 3318.75, 121.875, 3196.875, '2026_Feb 21'),
  ('2026-feb-21-mark-lester-arce', '2026-feb-21', 'mark-lester-arce', 450, 4, 0, 56.25, 1, 185, 0.9375, 0, 0.9375, 0, 0, 1800, 173.4375, 1626.5625, '2026_Feb 21'),
  ('2026-feb-21-mecaila-amparado', '2026-feb-21', 'mecaila-amparado', 300, 6, 0, 37.5, 0, 324, 0, 0, 0.9375, 0, 0, 1800, 0, 1800, '2026_Feb 21'),
  ('2026-feb-21-norilyn-hernandez', '2026-feb-21', 'norilyn-hernandez', 400, 6, 0, 50, 0, 0, 0.9375, 0, 0.9375, 0, 0, 2400, 0, 2400, '2026_Feb 21'),
  ('2026-feb-21-reinalyn-abarcar', '2026-feb-21', 'reinalyn-abarcar', 550, 6, 0, 68.75, 1, 35, 1.145833, 0, 1.145833, 0, 0, 3300, 40.104167, 3259.895833, '2026_Feb 21'),
  ('2026-feb-21-richel-amparado', '2026-feb-21', 'richel-amparado', 300, 6, 0, 37.5, 0, 115, 0, 0, 0.9375, 0, 0, 1800, 0, 1800, '2026_Feb 21'),
  ('2026-jan-15-cindy-malagueno', '2026-jan-15', 'cindy-malagueno', 450, 13, 12, 56.25, 0, 23, 0.9375, 0, 0.9375, 0, 0, 6525, 21.5625, 6503.4375, '2026_Jan 15'),
  ('2026-jan-15-mark-lester-arce', '2026-jan-15', 'mark-lester-arce', 450, 11, 0, 56.25, 2, 160, 0.9375, 0, 0.9375, 0, 0, 4950, 150, 4800, '2026_Jan 15'),
  ('2026-jan-15-mecaila-amparado', '2026-jan-15', 'mecaila-amparado', 300, 5, 0, 37.5, 9, 0, 0.9375, 0, 0.9375, 0, 0, 1500, 0, 1500, '2026_Jan 15'),
  ('2026-jan-15-norilyn-hernandez', '2026-jan-15', 'norilyn-hernandez', 400, 4, 0, 50, 10, 0, 0.9375, 0, 0.9375, 0, 0, 1600, 0, 1600, '2026_Jan 15'),
  ('2026-jan-15-reinalyn-abarcar', '2026-jan-15', 'reinalyn-abarcar', 550, 13, 29, 68.75, 1, 299, 1.145833, 0, 1.145833, 0, 0, 9143.75, 342.604167, 8801.145833, '2026_Jan 15'),
  ('2026-jan-15-richel-amparado', '2026-jan-15', 'richel-amparado', 300, 5, 0, 37.5, 9, 0, 0.9375, 0, 0.9375, 0, 0, 1500, 0, 1500, '2026_Jan 15'),
  ('2026-jan-31-cindy-malagueno', '2026-jan-31', 'cindy-malagueno', 450, 13, 18, 56.25, 1, 91, 0.9375, 0, 0.9375, 0, 0, 6862.5, 85.3125, 6777.1875, '2026_Jan 31'),
  ('2026-jan-31-mark-lester-arce', '2026-jan-31', 'mark-lester-arce', 450, 7, 3, 56.25, 6, 280, 0.9375, 0, 0.9375, 0, 0, 3318.75, 262.5, 3056.25, '2026_Jan 31'),
  ('2026-jan-31-mecaila-amparado', '2026-jan-31', 'mecaila-amparado', 300, 15, 0, 37.5, 1, 315, 0, 0, 0.9375, 0, 0, 4500, 0, 4500, '2026_Jan 31'),
  ('2026-jan-31-norilyn-hernandez', '2026-jan-31', 'norilyn-hernandez', 400, 16, 0, 50, 0, 0, 0.9375, 0, 0.9375, 0, 0, 6400, 0, 6400, '2026_Jan 31'),
  ('2026-jan-31-reinalyn-abarcar', '2026-jan-31', 'reinalyn-abarcar', 550, 13, 9, 68.75, 0, 236, 1.145833, 0, 1.145833, 0, 0, 7768.75, 270.416667, 7498.333333, '2026_Jan 31'),
  ('2026-jan-31-richel-amparado', '2026-jan-31', 'richel-amparado', 300, 14, 0, 37.5, 1, 315, 0, 0, 0.9375, 0, 0, 4200, 0, 4200, '2026_Jan 31'),
  ('2026-mar-28-cindy-malagueno', '2026-mar-28', 'cindy-malagueno', 450, 7, 23, 56.25, 0, 87, 0.9375, 0, 0.9375, 0, 0, 4443.75, 81.5625, 4362.1875, '2026_Mar 28'),
  ('2026-mar-28-lyca-amparado', '2026-mar-28', 'lyca-amparado', 300, 6, 0, 37.5, 0, 53, 0, 0, 0.9375, 0, 0, 1800, 0, 1800, '2026_Mar 28'),
  ('2026-mar-28-mark-lester-arce', '2026-mar-28', 'mark-lester-arce', 450, 5, 2, 56.25, 1, 215, 0.9375, 0, 0.9375, 0, 0, 2362.5, 201.5625, 2160.9375, '2026_Mar 28'),
  ('2026-mar-28-mecaila-amparado', '2026-mar-28', 'mecaila-amparado', 350, 7, 29, 43.75, 0, 36, 1.145833, 0, 1.145833, 0, 1000, 4718.75, 41.25, 4677.5, '2026_Mar 28'),
  ('2026-mar-28-norilyn-hernandez', '2026-mar-28', 'norilyn-hernandez', 400, 6, 0, 50, 0, 0, 0.9375, 0, 0.9375, 0, 0, 2400, 0, 2400, '2026_Mar 28'),
  ('2026-mar-28-reinalyn-abarcar', '2026-mar-28', 'reinalyn-abarcar', 550, 7, 32, 68.75, 0, 36, 1.145833, 0, 1.145833, 0, 1000, 7050, 41.25, 7008.75, '2026_Mar 28'),
  ('2026-mar-28-richel-amparado', '2026-mar-28', 'richel-amparado', 350, 6, 0, 43.75, 0, 115, 0, 0, 0.9375, 0, 0, 2100, 0, 2100, '2026_Mar 28')
on conflict (id) do update set daily_rate = excluded.daily_rate, days_worked = excluded.days_worked, overtime_hours = excluded.overtime_hours, overtime_rate = excluded.overtime_rate, absent_days = excluded.absent_days, late_minutes = excluded.late_minutes, late_rate_per_minute = excluded.late_rate_per_minute, undertime_minutes = excluded.undertime_minutes, undertime_rate_per_minute = excluded.undertime_rate_per_minute, allowance_15th = excluded.allowance_15th, allowance_30th = excluded.allowance_30th, gross_total = excluded.gross_total, deduction_total = excluded.deduction_total, net_total = excluded.net_total, source_sheet = excluded.source_sheet, updated_at = now();

insert into public.payroll_attendance (id, period_id, employee_id, work_date, schedule_in, schedule_out, actual_in, actual_out, late_minutes, undertime_minutes, overtime_hours, status) values
  ('2026-apr-11-cindy-malagueno-2026-04-04', '2026-apr-11', 'cindy-malagueno', '2026-04-04', 'CLOSED', null, 'RD', null, 0, 0, 0, 'rest_day'),
  ('2026-apr-11-cindy-malagueno-2026-04-05', '2026-apr-11', 'cindy-malagueno', '2026-04-05', '07:00:00', '16:00:00', '07:00:00', '18:52:00', 0, 0, 3, 'present'),
  ('2026-apr-11-cindy-malagueno-2026-04-06', '2026-apr-11', 'cindy-malagueno', '2026-04-06', '09:00:00', '18:00:00', '09:00:00', '22:00:00', 0, 0, 4, 'present'),
  ('2026-apr-11-cindy-malagueno-2026-04-07', '2026-apr-11', 'cindy-malagueno', '2026-04-07', '09:00:00', '18:00:00', '09:00:00', '01:00:00', 0, 0, 7, 'present'),
  ('2026-apr-11-cindy-malagueno-2026-04-08', '2026-apr-11', 'cindy-malagueno', '2026-04-08', '09:00:00', '18:00:00', '09:00:00', '21:22:00', 0, 0, 3, 'present'),
  ('2026-apr-11-cindy-malagueno-2026-04-09', '2026-apr-11', 'cindy-malagueno', '2026-04-09', 'RD', null, 'RD', null, 0, 0, 0, 'rest_day'),
  ('2026-apr-11-cindy-malagueno-2026-04-10', '2026-apr-11', 'cindy-malagueno', '2026-04-10', '09:00:00', '18:00:00', '09:00:00', '18:25:00', 0, 0, 0, 'present'),
  ('2026-apr-11-lyca-amparado-2026-04-04', '2026-apr-11', 'lyca-amparado', '2026-04-04', 'CLOSED', null, 'RD', null, 0, 0, 0, 'rest_day'),
  ('2026-apr-11-lyca-amparado-2026-04-05', '2026-apr-11', 'lyca-amparado', '2026-04-05', '09:00:00', '00:00:00', '09:00:00', '00:00:00', 0, 0, 0, 'present'),
  ('2026-apr-11-lyca-amparado-2026-04-06', '2026-apr-11', 'lyca-amparado', '2026-04-06', '09:00:00', '00:00:00', '09:00:00', '00:00:00', 0, 0, 0, 'present'),
  ('2026-apr-11-lyca-amparado-2026-04-07', '2026-apr-11', 'lyca-amparado', '2026-04-07', '09:00:00', '00:00:00', '09:00:00', '00:00:00', 0, 0, 0, 'present'),
  ('2026-apr-11-lyca-amparado-2026-04-08', '2026-apr-11', 'lyca-amparado', '2026-04-08', '09:00:00', '00:00:00', '09:00:00', '00:00:00', 0, 0, 0, 'present'),
  ('2026-apr-11-lyca-amparado-2026-04-09', '2026-apr-11', 'lyca-amparado', '2026-04-09', '09:00:00', '00:00:00', '09:00:00', '00:00:00', 0, 0, 0, 'present'),
  ('2026-apr-11-lyca-amparado-2026-04-10', '2026-apr-11', 'lyca-amparado', '2026-04-10', '09:00:00', '00:00:00', '09:00:00', '00:00:00', 0, 0, 0, 'present'),
  ('2026-apr-11-mark-lester-arce-2026-04-04', '2026-apr-11', 'mark-lester-arce', '2026-04-04', 'CLOSED', null, 'RD', null, 0, 0, 0, 'rest_day'),
  ('2026-apr-11-mark-lester-arce-2026-04-05', '2026-apr-11', 'mark-lester-arce', '2026-04-05', '16:00:00', '1900-01-01 01:00:00', '15:20:00', '01:00:00', 0, 0, 0, 'present'),
  ('2026-apr-11-mark-lester-arce-2026-04-06', '2026-apr-11', 'mark-lester-arce', '2026-04-06', 'RD', null, 'RD', null, 0, 0, 0, 'rest_day'),
  ('2026-apr-11-mark-lester-arce-2026-04-07', '2026-apr-11', 'mark-lester-arce', '2026-04-07', '16:00:00', '1900-01-01 01:00:00', '16:10:00', '01:00:00', 10, 0, 0, 'present'),
  ('2026-apr-11-mark-lester-arce-2026-04-08', '2026-apr-11', 'mark-lester-arce', '2026-04-08', '16:00:00', '1900-01-01 01:00:00', '15:30:00', '01:00:00', 0, 0, 0, 'present'),
  ('2026-apr-11-mark-lester-arce-2026-04-09', '2026-apr-11', 'mark-lester-arce', '2026-04-09', '12:00:00', '21:00:00', '12:00:00', '01:00:00', 0, 0, 4, 'present'),
  ('2026-apr-11-mark-lester-arce-2026-04-10', '2026-apr-11', 'mark-lester-arce', '2026-04-10', '16:00:00', '1900-01-01 01:00:00', '17:00:00', '01:00:00', 60, 0, 0, 'present'),
  ('2026-apr-11-mecaila-amparado-2026-04-04', '2026-apr-11', 'mecaila-amparado', '2026-04-04', 'CLOSED', null, 'RD', null, 0, 0, 0, 'rest_day'),
  ('2026-apr-11-mecaila-amparado-2026-04-05', '2026-apr-11', 'mecaila-amparado', '2026-04-05', '09:00:00', '00:00:00', '09:00:00', '00:00:00', 0, 0, 0, 'present'),
  ('2026-apr-11-mecaila-amparado-2026-04-06', '2026-apr-11', 'mecaila-amparado', '2026-04-06', '07:00:00', '17:00:00', '07:20:00', '23:00:00', 20, 0, 6, 'present'),
  ('2026-apr-11-mecaila-amparado-2026-04-07', '2026-apr-11', 'mecaila-amparado', '2026-04-07', '07:00:00', '17:00:00', '07:00:00', '23:00:00', 0, 0, 6, 'present'),
  ('2026-apr-11-mecaila-amparado-2026-04-08', '2026-apr-11', 'mecaila-amparado', '2026-04-08', '07:00:00', '17:00:00', '07:00:00', '23:00:00', 0, 0, 6, 'present'),
  ('2026-apr-11-mecaila-amparado-2026-04-09', '2026-apr-11', 'mecaila-amparado', '2026-04-09', '09:00:00', '00:00:00', '09:00:00', '00:00:00', 0, 0, 0, 'present'),
  ('2026-apr-11-mecaila-amparado-2026-04-10', '2026-apr-11', 'mecaila-amparado', '2026-04-10', '09:00:00', '00:00:00', '09:00:00', '00:00:00', 0, 0, 0, 'present'),
  ('2026-apr-11-norilyn-hernandez-2026-04-04', '2026-apr-11', 'norilyn-hernandez', '2026-04-04', 'CLOSED', null, 'RD', null, 0, 0, 0, 'rest_day'),
  ('2026-apr-11-norilyn-hernandez-2026-04-05', '2026-apr-11', 'norilyn-hernandez', '2026-04-05', '09:00:00', '00:00:00', '09:00:00', '00:00:00', 0, 0, 0, 'present'),
  ('2026-apr-11-norilyn-hernandez-2026-04-06', '2026-apr-11', 'norilyn-hernandez', '2026-04-06', '09:00:00', '00:00:00', '09:00:00', '00:00:00', 0, 0, 0, 'present'),
  ('2026-apr-11-norilyn-hernandez-2026-04-07', '2026-apr-11', 'norilyn-hernandez', '2026-04-07', '09:00:00', '00:00:00', '09:00:00', '00:00:00', 0, 0, 0, 'present'),
  ('2026-apr-11-norilyn-hernandez-2026-04-08', '2026-apr-11', 'norilyn-hernandez', '2026-04-08', '09:00:00', '00:00:00', '09:00:00', '00:00:00', 0, 0, 0, 'present'),
  ('2026-apr-11-norilyn-hernandez-2026-04-09', '2026-apr-11', 'norilyn-hernandez', '2026-04-09', '09:00:00', '00:00:00', '09:00:00', '00:00:00', 0, 0, 0, 'present'),
  ('2026-apr-11-norilyn-hernandez-2026-04-10', '2026-apr-11', 'norilyn-hernandez', '2026-04-10', '09:00:00', '00:00:00', '09:00:00', '00:00:00', 0, 0, 0, 'present'),
  ('2026-apr-11-reinalyn-abarcar-2026-04-04', '2026-apr-11', 'reinalyn-abarcar', '2026-04-04', 'CLOSED', null, 'RD', null, 0, 0, 0, 'rest_day'),
  ('2026-apr-11-reinalyn-abarcar-2026-04-05', '2026-apr-11', 'reinalyn-abarcar', '2026-04-05', 'CLOSED', null, 'RD', null, 0, 0, 0, 'rest_day'),
  ('2026-apr-11-reinalyn-abarcar-2026-04-06', '2026-apr-11', 'reinalyn-abarcar', '2026-04-06', '07:00:00', '16:00:00', '07:30:00', '23:00:00', 30, 0, 7, 'present'),
  ('2026-apr-11-reinalyn-abarcar-2026-04-07', '2026-apr-11', 'reinalyn-abarcar', '2026-04-07', '07:00:00', '16:00:00', '08:10:00', '23:00:00', 70, 0, 7, 'present'),
  ('2026-apr-11-reinalyn-abarcar-2026-04-08', '2026-apr-11', 'reinalyn-abarcar', '2026-04-08', '07:00:00', '16:00:00', '08:00:00', '23:00:00', 60, 0, 7, 'present'),
  ('2026-apr-11-reinalyn-abarcar-2026-04-09', '2026-apr-11', 'reinalyn-abarcar', '2026-04-09', '07:00:00', '16:00:00', '07:30:00', '23:00:00', 30, 0, 7, 'present'),
  ('2026-apr-11-reinalyn-abarcar-2026-04-10', '2026-apr-11', 'reinalyn-abarcar', '2026-04-10', '07:00:00', '16:00:00', '07:20:00', '23:00:00', 20, 0, 7, 'present'),
  ('2026-apr-11-richel-amparado-2026-04-04', '2026-apr-11', 'richel-amparado', '2026-04-04', 'ABSENT', null, 'ABSENT', null, 0, 0, 0, 'absent'),
  ('2026-apr-11-richel-amparado-2026-04-05', '2026-apr-11', 'richel-amparado', '2026-04-05', 'ABSENT', null, 'ABSENT', null, 0, 0, 0, 'absent'),
  ('2026-apr-11-richel-amparado-2026-04-06', '2026-apr-11', 'richel-amparado', '2026-04-06', 'ABSENT', null, 'ABSENT', null, 0, 0, 0, 'absent'),
  ('2026-apr-11-richel-amparado-2026-04-07', '2026-apr-11', 'richel-amparado', '2026-04-07', 'ABSENT', null, 'ABSENT', null, 0, 0, 0, 'absent'),
  ('2026-apr-11-richel-amparado-2026-04-08', '2026-apr-11', 'richel-amparado', '2026-04-08', 'ABSENT', null, 'ABSENT', null, 0, 0, 0, 'absent'),
  ('2026-apr-11-richel-amparado-2026-04-09', '2026-apr-11', 'richel-amparado', '2026-04-09', 'ABSENT', null, 'ABSENT', null, 0, 0, 0, 'absent'),
  ('2026-apr-11-richel-amparado-2026-04-10', '2026-apr-11', 'richel-amparado', '2026-04-10', 'ABSENT', null, 'ABSENT', null, 0, 0, 0, 'absent'),
  ('2026-apr-18-cindy-malagueno-2026-04-11', '2026-apr-18', 'cindy-malagueno', '2026-04-11', 'CLOSED', null, '09:00:00', '20:14:00', 0, 0, 2, 'present'),
  ('2026-apr-18-cindy-malagueno-2026-04-12', '2026-apr-18', 'cindy-malagueno', '2026-04-12', '07:00:00', '16:00:00', '09:00:00', '19:32:00', 120, 0, 1, 'present'),
  ('2026-apr-18-cindy-malagueno-2026-04-13', '2026-apr-18', 'cindy-malagueno', '2026-04-13', '09:00:00', '18:00:00', '09:00:00', '02:00:00', 0, 0, 8, 'present'),
  ('2026-apr-18-cindy-malagueno-2026-04-14', '2026-apr-18', 'cindy-malagueno', '2026-04-14', '09:00:00', '18:00:00', '07:13:00', '06:20:00', 0, 0, 2, 'present'),
  ('2026-apr-18-cindy-malagueno-2026-04-15', '2026-apr-18', 'cindy-malagueno', '2026-04-15', '09:00:00', '18:00:00', '09:00:00', '21:02:00', 0, 0, 3, 'present'),
  ('2026-apr-18-cindy-malagueno-2026-04-16', '2026-apr-18', 'cindy-malagueno', '2026-04-16', '09:00:00', '18:00:00', '09:00:00', '18:35:00', 0, 0, 0, 'present'),
  ('2026-apr-18-cindy-malagueno-2026-04-17', '2026-apr-18', 'cindy-malagueno', '2026-04-17', '09:00:00', '18:00:00', '08:50:00', '00:00:00', 0, 0, 6, 'present'),
  ('2026-apr-18-lyca-amparado-2026-04-11', '2026-apr-18', 'lyca-amparado', '2026-04-11', '09:00:00', '00:00:00', '09:00:00', '00:00:00', 0, 0, 0, 'present'),
  ('2026-apr-18-lyca-amparado-2026-04-12', '2026-apr-18', 'lyca-amparado', '2026-04-12', '09:00:00', '00:00:00', '09:00:00', '00:00:00', 0, 0, 0, 'present'),
  ('2026-apr-18-lyca-amparado-2026-04-13', '2026-apr-18', 'lyca-amparado', '2026-04-13', '09:00:00', '00:00:00', '09:00:00', '00:00:00', 0, 0, 0, 'present'),
  ('2026-apr-18-lyca-amparado-2026-04-14', '2026-apr-18', 'lyca-amparado', '2026-04-14', '09:00:00', '00:00:00', '09:00:00', '00:00:00', 0, 0, 0, 'present'),
  ('2026-apr-18-lyca-amparado-2026-04-15', '2026-apr-18', 'lyca-amparado', '2026-04-15', '09:00:00', '00:00:00', '09:00:00', '00:00:00', 0, 0, 0, 'present'),
  ('2026-apr-18-lyca-amparado-2026-04-16', '2026-apr-18', 'lyca-amparado', '2026-04-16', '09:00:00', '00:00:00', '09:00:00', '00:00:00', 0, 0, 0, 'present'),
  ('2026-apr-18-lyca-amparado-2026-04-17', '2026-apr-18', 'lyca-amparado', '2026-04-17', 'RD', null, 'RD', null, 0, 0, 0, 'rest_day'),
  ('2026-apr-18-mark-lester-arce-2026-04-11', '2026-apr-18', 'mark-lester-arce', '2026-04-11', '16:00:00', '1900-01-01 01:00:00', '17:30:00', '01:00:00', 90, 0, 0, 'present'),
  ('2026-apr-18-mark-lester-arce-2026-04-12', '2026-apr-18', 'mark-lester-arce', '2026-04-12', '16:00:00', '1900-01-01 01:00:00', '16:40:00', '01:00:00', 40, 0, 0, 'present'),
  ('2026-apr-18-mark-lester-arce-2026-04-13', '2026-apr-18', 'mark-lester-arce', '2026-04-13', 'RD', null, 'RD', null, 0, 0, 0, 'rest_day'),
  ('2026-apr-18-mark-lester-arce-2026-04-14', '2026-apr-18', 'mark-lester-arce', '2026-04-14', '16:00:00', '1900-01-01 01:00:00', '16:00:00', '01:00:00', 0, 0, 0, 'present'),
  ('2026-apr-18-mark-lester-arce-2026-04-15', '2026-apr-18', 'mark-lester-arce', '2026-04-15', '16:00:00', '1900-01-01 01:00:00', '16:40:00', '01:00:00', 40, 0, 0, 'present'),
  ('2026-apr-18-mark-lester-arce-2026-04-16', '2026-apr-18', 'mark-lester-arce', '2026-04-16', '16:00:00', '1900-01-01 01:00:00', '16:30:00', '01:00:00', 30, 0, 0, 'present'),
  ('2026-apr-18-mark-lester-arce-2026-04-17', '2026-apr-18', 'mark-lester-arce', '2026-04-17', '16:00:00', '1900-01-01 01:00:00', '16:20:00', '01:00:00', 20, 0, 0, 'present'),
  ('2026-apr-18-mary-kristine-bagayawa-2026-04-11', '2026-apr-18', 'mary-kristine-bagayawa', '2026-04-11', 'CLOSED', null, 'RD', null, 0, 0, 0, 'rest_day'),
  ('2026-apr-18-mary-kristine-bagayawa-2026-04-12', '2026-apr-18', 'mary-kristine-bagayawa', '2026-04-12', 'CLOSED', null, 'RD', null, 0, 0, 0, 'rest_day'),
  ('2026-apr-18-mary-kristine-bagayawa-2026-04-13', '2026-apr-18', 'mary-kristine-bagayawa', '2026-04-13', 'CLOSED', null, 'RD', null, 0, 0, 0, 'rest_day'),
  ('2026-apr-18-mary-kristine-bagayawa-2026-04-14', '2026-apr-18', 'mary-kristine-bagayawa', '2026-04-14', 'CLOSED', null, 'RD', null, 0, 0, 0, 'rest_day'),
  ('2026-apr-18-mary-kristine-bagayawa-2026-04-15', '2026-apr-18', 'mary-kristine-bagayawa', '2026-04-15', 'CLOSED', null, 'RD', null, 0, 0, 0, 'rest_day'),
  ('2026-apr-18-mary-kristine-bagayawa-2026-04-16', '2026-apr-18', 'mary-kristine-bagayawa', '2026-04-16', '09:00:00', '00:00:00', '09:28:00', '00:00:00', 28, 0, 0, 'present'),
  ('2026-apr-18-mary-kristine-bagayawa-2026-04-17', '2026-apr-18', 'mary-kristine-bagayawa', '2026-04-17', '09:00:00', '00:00:00', '09:38:00', '00:00:00', 38, 0, 0, 'present'),
  ('2026-apr-18-mecaila-amparado-2026-04-11', '2026-apr-18', 'mecaila-amparado', '2026-04-11', '09:00:00', '00:00:00', '08:45:00', '00:00:00', 0, 0, 0, 'present'),
  ('2026-apr-18-mecaila-amparado-2026-04-12', '2026-apr-18', 'mecaila-amparado', '2026-04-12', 'ABSENT', null, 'ABSENT', null, 0, 0, 0, 'absent'),
  ('2026-apr-18-mecaila-amparado-2026-04-13', '2026-apr-18', 'mecaila-amparado', '2026-04-13', 'RD', null, 'RD', null, 0, 0, 0, 'rest_day'),
  ('2026-apr-18-mecaila-amparado-2026-04-14', '2026-apr-18', 'mecaila-amparado', '2026-04-14', '07:00:00', '17:00:00', '06:58:00', '23:00:00', 0, 0, 6, 'present'),
  ('2026-apr-18-mecaila-amparado-2026-04-15', '2026-apr-18', 'mecaila-amparado', '2026-04-15', '07:00:00', '17:00:00', '07:00:00', '23:00:00', 0, 0, 6, 'present'),
  ('2026-apr-18-mecaila-amparado-2026-04-16', '2026-apr-18', 'mecaila-amparado', '2026-04-16', '07:00:00', '17:00:00', '07:05:00', '23:00:00', 5, 0, 6, 'present'),
  ('2026-apr-18-mecaila-amparado-2026-04-17', '2026-apr-18', 'mecaila-amparado', '2026-04-17', '07:00:00', '17:00:00', '06:55:00', '23:00:00', 0, 0, 6, 'present'),
  ('2026-apr-18-norilyn-hernandez-2026-04-11', '2026-apr-18', 'norilyn-hernandez', '2026-04-11', '09:00:00', '00:00:00', '09:00:00', '00:00:00', 0, 0, 0, 'present'),
  ('2026-apr-18-norilyn-hernandez-2026-04-12', '2026-apr-18', 'norilyn-hernandez', '2026-04-12', '09:00:00', '00:00:00', '09:00:00', '00:00:00', 0, 0, 0, 'present'),
  ('2026-apr-18-norilyn-hernandez-2026-04-13', '2026-apr-18', 'norilyn-hernandez', '2026-04-13', '09:00:00', '00:00:00', '09:00:00', '00:00:00', 0, 0, 0, 'present'),
  ('2026-apr-18-norilyn-hernandez-2026-04-14', '2026-apr-18', 'norilyn-hernandez', '2026-04-14', '09:00:00', '00:00:00', '09:00:00', '00:00:00', 0, 0, 0, 'present'),
  ('2026-apr-18-norilyn-hernandez-2026-04-15', '2026-apr-18', 'norilyn-hernandez', '2026-04-15', '09:00:00', '00:00:00', '09:00:00', '00:00:00', 0, 0, 0, 'present'),
  ('2026-apr-18-norilyn-hernandez-2026-04-16', '2026-apr-18', 'norilyn-hernandez', '2026-04-16', '09:00:00', '00:00:00', '09:00:00', '00:00:00', 0, 0, 0, 'present'),
  ('2026-apr-18-norilyn-hernandez-2026-04-17', '2026-apr-18', 'norilyn-hernandez', '2026-04-17', '09:00:00', '00:00:00', '09:00:00', '00:00:00', 0, 0, 0, 'present'),
  ('2026-apr-18-reinalyn-abarcar-2026-04-11', '2026-apr-18', 'reinalyn-abarcar', '2026-04-11', '07:00:00', '16:00:00', '07:25:00', '23:00:00', 25, 0, 7, 'present'),
  ('2026-apr-18-reinalyn-abarcar-2026-04-12', '2026-apr-18', 'reinalyn-abarcar', '2026-04-12', 'RD', null, 'RD', null, 0, 0, 0, 'rest_day'),
  ('2026-apr-18-reinalyn-abarcar-2026-04-13', '2026-apr-18', 'reinalyn-abarcar', '2026-04-13', '07:00:00', '16:00:00', '07:20:00', '23:00:00', 20, 0, 7, 'present'),
  ('2026-apr-18-reinalyn-abarcar-2026-04-14', '2026-apr-18', 'reinalyn-abarcar', '2026-04-14', '07:00:00', '16:00:00', '07:10:00', '23:00:00', 10, 0, 7, 'present'),
  ('2026-apr-18-reinalyn-abarcar-2026-04-15', '2026-apr-18', 'reinalyn-abarcar', '2026-04-15', '07:00:00', '16:00:00', '07:00:00', '23:00:00', 0, 0, 7, 'present'),
  ('2026-apr-18-reinalyn-abarcar-2026-04-16', '2026-apr-18', 'reinalyn-abarcar', '2026-04-16', '07:00:00', '16:00:00', '07:30:00', '23:00:00', 30, 0, 7, 'present'),
  ('2026-apr-18-reinalyn-abarcar-2026-04-17', '2026-apr-18', 'reinalyn-abarcar', '2026-04-17', '07:00:00', '16:00:00', '08:20:00', '23:00:00', 80, 0, 7, 'present'),
  ('2026-apr-18-richel-amparado-2026-04-11', '2026-apr-18', 'richel-amparado', '2026-04-11', 'ABSENT', null, 'ABSENT', null, 0, 0, 0, 'absent'),
  ('2026-apr-18-richel-amparado-2026-04-12', '2026-apr-18', 'richel-amparado', '2026-04-12', 'ABSENT', null, 'ABSENT', null, 0, 0, 0, 'absent'),
  ('2026-apr-18-richel-amparado-2026-04-13', '2026-apr-18', 'richel-amparado', '2026-04-13', 'ABSENT', null, 'ABSENT', null, 0, 0, 0, 'absent'),
  ('2026-apr-18-richel-amparado-2026-04-14', '2026-apr-18', 'richel-amparado', '2026-04-14', 'ABSENT', null, 'ABSENT', null, 0, 0, 0, 'absent'),
  ('2026-apr-18-richel-amparado-2026-04-15', '2026-apr-18', 'richel-amparado', '2026-04-15', 'ABSENT', null, 'ABSENT', null, 0, 0, 0, 'absent'),
  ('2026-apr-18-richel-amparado-2026-04-16', '2026-apr-18', 'richel-amparado', '2026-04-16', '09:00:00', '00:00:00', '09:00:00', '00:00:00', 0, 0, 0, 'present'),
  ('2026-apr-18-richel-amparado-2026-04-17', '2026-apr-18', 'richel-amparado', '2026-04-17', '09:00:00', '00:00:00', '09:00:00', '00:00:00', 0, 0, 0, 'present'),
  ('2026-apr-2-cindy-malagueno-2026-03-28', '2026-apr-2', 'cindy-malagueno', '2026-03-28', '09:00:00', '18:00:00', '08:26:00', '23:31:00', 0, 0, 5, 'present'),
  ('2026-apr-2-cindy-malagueno-2026-03-29', '2026-apr-2', 'cindy-malagueno', '2026-03-29', '09:00:00', '18:00:00', '08:55:00', '19:20:00', 0, 0, 1, 'present'),
  ('2026-apr-2-cindy-malagueno-2026-03-30', '2026-apr-2', 'cindy-malagueno', '2026-03-30', '09:00:00', '18:00:00', '09:00:00', '01:00:00', 0, 0, 7, 'present'),
  ('2026-apr-2-cindy-malagueno-2026-03-31', '2026-apr-2', 'cindy-malagueno', '2026-03-31', '09:00:00', '18:00:00', '10:09:00', '01:00:00', 69, 0, 7, 'present'),
  ('2026-apr-2-cindy-malagueno-2026-04-01', '2026-apr-2', 'cindy-malagueno', '2026-04-01', '09:00:00', '18:00:00', '09:00:00', '18:30:00', 0, 0, 0, 'present'),
  ('2026-apr-2-cindy-malagueno-2026-04-02', '2026-apr-2', 'cindy-malagueno', '2026-04-02', '09:00:00', '18:00:00', '09:00:00', '18:00:00', 0, 0, 0, 'present'),
  ('2026-apr-2-lyca-amparado-2026-03-28', '2026-apr-2', 'lyca-amparado', '2026-03-28', '09:00:00', '00:00:00', '09:00:00', '00:00:00', 0, 0, 0, 'present'),
  ('2026-apr-2-lyca-amparado-2026-03-29', '2026-apr-2', 'lyca-amparado', '2026-03-29', '09:00:00', '00:00:00', '09:00:00', '00:00:00', 0, 0, 0, 'present'),
  ('2026-apr-2-lyca-amparado-2026-03-30', '2026-apr-2', 'lyca-amparado', '2026-03-30', '09:00:00', '00:00:00', '09:00:00', '00:00:00', 0, 0, 0, 'present'),
  ('2026-apr-2-lyca-amparado-2026-03-31', '2026-apr-2', 'lyca-amparado', '2026-03-31', '09:00:00', '00:00:00', '09:00:00', '00:00:00', 0, 0, 0, 'present'),
  ('2026-apr-2-lyca-amparado-2026-04-01', '2026-apr-2', 'lyca-amparado', '2026-04-01', '09:00:00', '00:00:00', '09:00:00', '00:00:00', 0, 0, 0, 'present'),
  ('2026-apr-2-lyca-amparado-2026-04-02', '2026-apr-2', 'lyca-amparado', '2026-04-02', '09:00:00', '00:00:00', '09:00:00', '00:00:00', 0, 0, 0, 'present'),
  ('2026-apr-2-mark-lester-arce-2026-03-28', '2026-apr-2', 'mark-lester-arce', '2026-03-28', '16:00:00', '1900-01-01 01:00:00', '17:40:00', '01:00:00', 100, 0, 0, 'present'),
  ('2026-apr-2-mark-lester-arce-2026-03-29', '2026-apr-2', 'mark-lester-arce', '2026-03-29', '16:00:00', '1900-01-01 01:00:00', '16:00:00', '01:00:00', 0, 0, 0, 'present'),
  ('2026-apr-2-mark-lester-arce-2026-03-30', '2026-apr-2', 'mark-lester-arce', '2026-03-30', '16:00:00', '1900-01-01 01:00:00', '16:00:00', '01:00:00', 0, 0, 0, 'present'),
  ('2026-apr-2-mark-lester-arce-2026-03-31', '2026-apr-2', 'mark-lester-arce', '2026-03-31', 'ABSENT', null, 'RD', null, 0, 0, 0, 'rest_day'),
  ('2026-apr-2-mark-lester-arce-2026-04-01', '2026-apr-2', 'mark-lester-arce', '2026-04-01', '16:00:00', '1900-01-01 01:00:00', '17:10:00', '01:00:00', 70, 0, 0, 'present'),
  ('2026-apr-2-mark-lester-arce-2026-04-02', '2026-apr-2', 'mark-lester-arce', '2026-04-02', '16:00:00', '1900-01-01 01:00:00', null, '01:00:00', 0, 0, 0, 'blank'),
  ('2026-apr-2-mecaila-amparado-2026-03-28', '2026-apr-2', 'mecaila-amparado', '2026-03-28', '09:00:00', '00:00:00', '09:00:00', '00:00:00', 0, 0, 3, 'present'),
  ('2026-apr-2-mecaila-amparado-2026-03-29', '2026-apr-2', 'mecaila-amparado', '2026-03-29', '09:00:00', '00:00:00', '09:00:00', '00:00:00', 0, 0, 3, 'present'),
  ('2026-apr-2-mecaila-amparado-2026-03-30', '2026-apr-2', 'mecaila-amparado', '2026-03-30', '07:00:00', '17:00:00', '07:20:00', '21:00:00', 20, 0, 4, 'present'),
  ('2026-apr-2-mecaila-amparado-2026-03-31', '2026-apr-2', 'mecaila-amparado', '2026-03-31', '07:00:00', '17:00:00', '07:14:00', '23:00:00', 14, 0, 6, 'present'),
  ('2026-apr-2-mecaila-amparado-2026-04-01', '2026-apr-2', 'mecaila-amparado', '2026-04-01', '07:00:00', '17:00:00', '07:04:00', '21:00:00', 4, 0, 4, 'present'),
  ('2026-apr-2-mecaila-amparado-2026-04-02', '2026-apr-2', 'mecaila-amparado', '2026-04-02', '07:00:00', '17:00:00', '06:55:00', '21:00:00', 0, 0, 4, 'present'),
  ('2026-apr-2-norilyn-hernandez-2026-03-28', '2026-apr-2', 'norilyn-hernandez', '2026-03-28', '09:00:00', '00:00:00', '09:00:00', '00:00:00', 0, 0, 0, 'present'),
  ('2026-apr-2-norilyn-hernandez-2026-03-29', '2026-apr-2', 'norilyn-hernandez', '2026-03-29', '09:00:00', '00:00:00', '09:00:00', '00:00:00', 0, 0, 0, 'present'),
  ('2026-apr-2-norilyn-hernandez-2026-03-30', '2026-apr-2', 'norilyn-hernandez', '2026-03-30', '09:00:00', '00:00:00', '09:00:00', '00:00:00', 0, 0, 0, 'present'),
  ('2026-apr-2-norilyn-hernandez-2026-03-31', '2026-apr-2', 'norilyn-hernandez', '2026-03-31', '09:00:00', '00:00:00', '09:00:00', '00:00:00', 0, 0, 0, 'present'),
  ('2026-apr-2-norilyn-hernandez-2026-04-01', '2026-apr-2', 'norilyn-hernandez', '2026-04-01', '09:00:00', '00:00:00', '09:00:00', '00:00:00', 0, 0, 0, 'present'),
  ('2026-apr-2-norilyn-hernandez-2026-04-02', '2026-apr-2', 'norilyn-hernandez', '2026-04-02', '09:00:00', '00:00:00', '09:00:00', '00:00:00', 0, 0, 0, 'present'),
  ('2026-apr-2-reinalyn-abarcar-2026-03-28', '2026-apr-2', 'reinalyn-abarcar', '2026-03-28', '08:00:00', '17:00:00', '08:00:00', '23:00:00', 0, 0, 6, 'present'),
  ('2026-apr-2-reinalyn-abarcar-2026-03-29', '2026-apr-2', 'reinalyn-abarcar', '2026-03-29', '09:00:00', '18:00:00', '09:00:00', '22:00:00', 0, 0, 4, 'present'),
  ('2026-apr-2-reinalyn-abarcar-2026-03-30', '2026-apr-2', 'reinalyn-abarcar', '2026-03-30', '07:00:00', '16:00:00', '07:10:00', '21:00:00', 10, 0, 5, 'present'),
  ('2026-apr-2-reinalyn-abarcar-2026-03-31', '2026-apr-2', 'reinalyn-abarcar', '2026-03-31', '07:00:00', '16:00:00', '07:35:00', '23:00:00', 35, 0, 7, 'present'),
  ('2026-apr-2-reinalyn-abarcar-2026-04-01', '2026-apr-2', 'reinalyn-abarcar', '2026-04-01', '07:00:00', '16:00:00', '07:20:00', '21:00:00', 20, 0, 5, 'present'),
  ('2026-apr-2-reinalyn-abarcar-2026-04-02', '2026-apr-2', 'reinalyn-abarcar', '2026-04-02', '07:00:00', '16:00:00', '07:15:00', '21:00:00', 15, 0, 5, 'present'),
  ('2026-apr-2-richel-amparado-2026-03-28', '2026-apr-2', 'richel-amparado', '2026-03-28', 'ABSENT', null, 'ABSENT', null, 0, 0, 0, 'absent'),
  ('2026-apr-2-richel-amparado-2026-03-29', '2026-apr-2', 'richel-amparado', '2026-03-29', 'ABSENT', null, 'ABSENT', null, 0, 0, 0, 'absent'),
  ('2026-apr-2-richel-amparado-2026-03-30', '2026-apr-2', 'richel-amparado', '2026-03-30', 'ABSENT', null, 'ABSENT', null, 0, 0, 0, 'absent'),
  ('2026-apr-2-richel-amparado-2026-03-31', '2026-apr-2', 'richel-amparado', '2026-03-31', 'ABSENT', null, 'ABSENT', null, 0, 0, 0, 'absent'),
  ('2026-apr-2-richel-amparado-2026-04-01', '2026-apr-2', 'richel-amparado', '2026-04-01', 'ABSENT', null, 'ABSENT', null, 0, 0, 0, 'absent'),
  ('2026-apr-2-richel-amparado-2026-04-02', '2026-apr-2', 'richel-amparado', '2026-04-02', 'ABSENT', null, 'ABSENT', null, 0, 0, 0, 'absent'),
  ('2026-apr-25-cindy-malagueno-2026-04-18', '2026-apr-25', 'cindy-malagueno', '2026-04-18', '09:00:00', '18:00:00', '09:00:00', '18:44:00', 0, 0, 0, 'present'),
  ('2026-apr-25-cindy-malagueno-2026-04-19', '2026-apr-25', 'cindy-malagueno', '2026-04-19', '09:00:00', '18:00:00', '09:50:00', '18:00:00', 50, 0, 0, 'present'),
  ('2026-apr-25-cindy-malagueno-2026-04-20', '2026-apr-25', 'cindy-malagueno', '2026-04-20', '06:00:00', '15:00:00', '05:30:00', '22:14:00', 0, 0, 7, 'present'),
  ('2026-apr-25-cindy-malagueno-2026-04-21', '2026-apr-25', 'cindy-malagueno', '2026-04-21', '09:00:00', '18:00:00', '09:00:00', '01:00:00', 0, 0, 7, 'present'),
  ('2026-apr-25-cindy-malagueno-2026-04-22', '2026-apr-25', 'cindy-malagueno', '2026-04-22', '09:00:00', '18:00:00', '09:00:00', '19:16:00', 0, 0, 1, 'present'),
  ('2026-apr-25-cindy-malagueno-2026-04-23', '2026-apr-25', 'cindy-malagueno', '2026-04-23', '09:00:00', '18:00:00', '09:30:00', '20:30:00', 30, 0, 2, 'present'),
  ('2026-apr-25-cindy-malagueno-2026-04-24', '2026-apr-25', 'cindy-malagueno', '2026-04-24', '09:00:00', '18:00:00', '09:05:00', '18:00:00', 5, 0, 0, 'present'),
  ('2026-apr-25-lyca-amparado-2026-04-18', '2026-apr-25', 'lyca-amparado', '2026-04-18', '09:00:00', '00:00:00', '09:00:00', '00:00:00', 0, 0, 0, 'present'),
  ('2026-apr-25-lyca-amparado-2026-04-19', '2026-apr-25', 'lyca-amparado', '2026-04-19', '09:00:00', '00:00:00', '09:00:00', '00:00:00', 0, 0, 0, 'present'),
  ('2026-apr-25-lyca-amparado-2026-04-20', '2026-apr-25', 'lyca-amparado', '2026-04-20', '09:00:00', '00:00:00', '09:00:00', '00:00:00', 0, 0, 0, 'present'),
  ('2026-apr-25-lyca-amparado-2026-04-21', '2026-apr-25', 'lyca-amparado', '2026-04-21', '09:00:00', '00:00:00', '09:00:00', '00:00:00', 0, 0, 0, 'present'),
  ('2026-apr-25-lyca-amparado-2026-04-22', '2026-apr-25', 'lyca-amparado', '2026-04-22', '09:00:00', '00:00:00', '09:00:00', '00:00:00', 0, 0, 0, 'present'),
  ('2026-apr-25-lyca-amparado-2026-04-23', '2026-apr-25', 'lyca-amparado', '2026-04-23', '09:00:00', '00:00:00', '09:00:00', '00:00:00', 0, 0, 0, 'present'),
  ('2026-apr-25-lyca-amparado-2026-04-24', '2026-apr-25', 'lyca-amparado', '2026-04-24', 'RD', null, 'RD', null, 0, 0, 0, 'rest_day'),
  ('2026-apr-25-mark-lester-arce-2026-04-18', '2026-apr-25', 'mark-lester-arce', '2026-04-18', '16:00:00', '1900-01-01 01:00:00', '16:30:00', '01:00:00', 30, 0, 0, 'present'),
  ('2026-apr-25-mark-lester-arce-2026-04-19', '2026-apr-25', 'mark-lester-arce', '2026-04-19', '16:00:00', '1900-01-01 01:00:00', '16:00:00', '01:00:00', 0, 0, 0, 'present'),
  ('2026-apr-25-mark-lester-arce-2026-04-20', '2026-apr-25', 'mark-lester-arce', '2026-04-20', '11:00:00', '20:00:00', '10:30:00', '01:00:00', 0, 0, 5, 'present'),
  ('2026-apr-25-mark-lester-arce-2026-04-21', '2026-apr-25', 'mark-lester-arce', '2026-04-21', 'RD', null, 'RD', null, 0, 0, 0, 'rest_day'),
  ('2026-apr-25-mark-lester-arce-2026-04-22', '2026-apr-25', 'mark-lester-arce', '2026-04-22', '16:00:00', '1900-01-01 01:00:00', '16:30:00', '01:00:00', 30, 0, 0, 'present'),
  ('2026-apr-25-mark-lester-arce-2026-04-23', '2026-apr-25', 'mark-lester-arce', '2026-04-23', '16:00:00', '1900-01-01 01:00:00', '16:20:00', '01:00:00', 20, 0, 0, 'present'),
  ('2026-apr-25-mark-lester-arce-2026-04-24', '2026-apr-25', 'mark-lester-arce', '2026-04-24', '16:00:00', '1900-01-01 01:00:00', '16:20:00', '01:00:00', 20, 0, 0, 'present'),
  ('2026-apr-25-mary-kristine-bagayawa-2026-04-18', '2026-apr-25', 'mary-kristine-bagayawa', '2026-04-18', '09:00:00', '00:00:00', '09:00:00', '00:00:00', 0, 0, 0, 'present'),
  ('2026-apr-25-mary-kristine-bagayawa-2026-04-19', '2026-apr-25', 'mary-kristine-bagayawa', '2026-04-19', '09:00:00', '00:00:00', '09:00:00', '00:00:00', 0, 0, 0, 'present'),
  ('2026-apr-25-mary-kristine-bagayawa-2026-04-20', '2026-apr-25', 'mary-kristine-bagayawa', '2026-04-20', '09:00:00', '00:00:00', '09:00:00', '00:00:00', 0, 0, 0, 'present'),
  ('2026-apr-25-mary-kristine-bagayawa-2026-04-21', '2026-apr-25', 'mary-kristine-bagayawa', '2026-04-21', '09:00:00', '00:00:00', '09:00:00', '00:00:00', 0, 0, 0, 'present'),
  ('2026-apr-25-mary-kristine-bagayawa-2026-04-22', '2026-apr-25', 'mary-kristine-bagayawa', '2026-04-22', 'RD', null, 'RD', null, 0, 0, 0, 'rest_day'),
  ('2026-apr-25-mary-kristine-bagayawa-2026-04-23', '2026-apr-25', 'mary-kristine-bagayawa', '2026-04-23', '09:00:00', '00:00:00', '09:00:00', '00:00:00', 0, 0, 0, 'present'),
  ('2026-apr-25-mary-kristine-bagayawa-2026-04-24', '2026-apr-25', 'mary-kristine-bagayawa', '2026-04-24', '09:00:00', '00:00:00', '09:00:00', '00:00:00', 0, 0, 0, 'present'),
  ('2026-apr-25-mecaila-amparado-2026-04-18', '2026-apr-25', 'mecaila-amparado', '2026-04-18', '09:00:00', '19:00:00', '08:56:00', '23:00:00', 0, 0, 4, 'present'),
  ('2026-apr-25-mecaila-amparado-2026-04-19', '2026-apr-25', 'mecaila-amparado', '2026-04-19', 'RD', null, 'RD', null, 0, 0, 0, 'rest_day'),
  ('2026-apr-25-mecaila-amparado-2026-04-20', '2026-apr-25', 'mecaila-amparado', '2026-04-20', '07:00:00', '17:00:00', '06:56:00', '23:00:00', 0, 0, 6, 'present'),
  ('2026-apr-25-mecaila-amparado-2026-04-21', '2026-apr-25', 'mecaila-amparado', '2026-04-21', '07:00:00', '17:00:00', '06:57:00', '23:00:00', 0, 0, 6, 'present'),
  ('2026-apr-25-mecaila-amparado-2026-04-22', '2026-apr-25', 'mecaila-amparado', '2026-04-22', '07:00:00', '17:00:00', '06:58:00', '23:00:00', 0, 0, 6, 'present'),
  ('2026-apr-25-mecaila-amparado-2026-04-23', '2026-apr-25', 'mecaila-amparado', '2026-04-23', '07:00:00', '17:00:00', '07:00:00', '23:00:00', 0, 0, 6, 'present'),
  ('2026-apr-25-mecaila-amparado-2026-04-24', '2026-apr-25', 'mecaila-amparado', '2026-04-24', '09:00:00', '19:00:00', '08:30:00', '23:00:00', 0, 0, 4, 'present'),
  ('2026-apr-25-norilyn-hernandez-2026-04-18', '2026-apr-25', 'norilyn-hernandez', '2026-04-18', '09:00:00', '00:00:00', '09:00:00', '00:00:00', 0, 0, 0, 'present'),
  ('2026-apr-25-norilyn-hernandez-2026-04-19', '2026-apr-25', 'norilyn-hernandez', '2026-04-19', 'RD', null, 'RD', null, 0, 0, 0, 'rest_day'),
  ('2026-apr-25-norilyn-hernandez-2026-04-20', '2026-apr-25', 'norilyn-hernandez', '2026-04-20', '09:00:00', '00:00:00', '09:00:00', '00:00:00', 0, 0, 0, 'present'),
  ('2026-apr-25-norilyn-hernandez-2026-04-21', '2026-apr-25', 'norilyn-hernandez', '2026-04-21', '09:00:00', '00:00:00', '09:00:00', '00:00:00', 0, 0, 0, 'present'),
  ('2026-apr-25-norilyn-hernandez-2026-04-22', '2026-apr-25', 'norilyn-hernandez', '2026-04-22', '09:00:00', '00:00:00', '09:00:00', '00:00:00', 0, 0, 0, 'present'),
  ('2026-apr-25-norilyn-hernandez-2026-04-23', '2026-apr-25', 'norilyn-hernandez', '2026-04-23', 'RD', null, 'RD', null, 0, 0, 0, 'rest_day'),
  ('2026-apr-25-norilyn-hernandez-2026-04-24', '2026-apr-25', 'norilyn-hernandez', '2026-04-24', '09:00:00', '00:00:00', '09:00:00', '00:00:00', 0, 0, 0, 'present'),
  ('2026-apr-25-reinalyn-abarcar-2026-04-18', '2026-apr-25', 'reinalyn-abarcar', '2026-04-18', '09:00:00', '18:00:00', '09:30:00', '23:00:00', 30, 0, 7, 'present'),
  ('2026-apr-25-reinalyn-abarcar-2026-04-19', '2026-apr-25', 'reinalyn-abarcar', '2026-04-19', 'RD', null, 'RD', null, 0, 0, 0, 'rest_day'),
  ('2026-apr-25-reinalyn-abarcar-2026-04-20', '2026-apr-25', 'reinalyn-abarcar', '2026-04-20', '03:00:00', '12:00:00', '03:00:00', '23:00:00', 0, 0, 11, 'present'),
  ('2026-apr-25-reinalyn-abarcar-2026-04-21', '2026-apr-25', 'reinalyn-abarcar', '2026-04-21', '07:00:00', '16:00:00', '07:45:00', '23:00:00', 45, 0, 7, 'present'),
  ('2026-apr-25-reinalyn-abarcar-2026-04-22', '2026-apr-25', 'reinalyn-abarcar', '2026-04-22', '07:00:00', '16:00:00', '07:30:00', '23:00:00', 30, 0, 7, 'present'),
  ('2026-apr-25-reinalyn-abarcar-2026-04-23', '2026-apr-25', 'reinalyn-abarcar', '2026-04-23', 'ABSENT', null, 'ABSENT', null, 0, 0, 0, 'absent'),
  ('2026-apr-25-reinalyn-abarcar-2026-04-24', '2026-apr-25', 'reinalyn-abarcar', '2026-04-24', '09:00:00', '18:00:00', '09:00:00', '23:00:00', 0, 0, 5, 'present'),
  ('2026-apr-25-richel-amparado-2026-04-18', '2026-apr-25', 'richel-amparado', '2026-04-18', '09:00:00', '00:00:00', '09:00:00', '00:00:00', 0, 0, 0, 'present'),
  ('2026-apr-25-richel-amparado-2026-04-19', '2026-apr-25', 'richel-amparado', '2026-04-19', '09:00:00', '00:00:00', '09:00:00', '00:00:00', 0, 0, 0, 'present'),
  ('2026-apr-25-richel-amparado-2026-04-20', '2026-apr-25', 'richel-amparado', '2026-04-20', '09:00:00', '00:00:00', '09:00:00', '00:00:00', 0, 0, 0, 'present'),
  ('2026-apr-25-richel-amparado-2026-04-21', '2026-apr-25', 'richel-amparado', '2026-04-21', 'RD', null, 'RD', null, 0, 0, 0, 'rest_day'),
  ('2026-apr-25-richel-amparado-2026-04-22', '2026-apr-25', 'richel-amparado', '2026-04-22', '09:00:00', '00:00:00', '09:00:00', '00:00:00', 0, 0, 0, 'present'),
  ('2026-apr-25-richel-amparado-2026-04-23', '2026-apr-25', 'richel-amparado', '2026-04-23', '09:00:00', '00:00:00', '09:00:00', '00:00:00', 0, 0, 0, 'present'),
  ('2026-apr-25-richel-amparado-2026-04-24', '2026-apr-25', 'richel-amparado', '2026-04-24', '09:00:00', '00:00:00', '09:00:00', '00:00:00', 0, 0, 0, 'present'),
  ('2026-feb-21-cindy-malagueno-2026-02-15', '2026-feb-21', 'cindy-malagueno', '2026-02-15', '13:00:00', '22:00:00', '13:12:00', '01:00:00', 12, 0, 0, 'present'),
  ('2026-feb-21-cindy-malagueno-2026-02-16', '2026-feb-21', 'cindy-malagueno', '2026-02-16', '16:00:00', '1900-01-01 01:00:00', '15:00:00', '01:00:00', 0, 0, 0, 'present'),
  ('2026-feb-21-cindy-malagueno-2026-02-17', '2026-feb-21', 'cindy-malagueno', '2026-02-17', '16:00:00', '1900-01-01 01:00:00', '16:07:00', '01:00:00', 7, 0, 0, 'present'),
  ('2026-feb-21-cindy-malagueno-2026-02-18', '2026-feb-21', 'cindy-malagueno', '2026-02-18', '13:00:00', '22:00:00', '13:21:00', '01:00:00', 21, 0, 0, 'present'),
  ('2026-feb-21-cindy-malagueno-2026-02-19', '2026-feb-21', 'cindy-malagueno', '2026-02-19', '09:00:00', '18:00:00', '08:40:00', '01:00:00', 0, 0, 0, 'present'),
  ('2026-feb-21-cindy-malagueno-2026-02-20', '2026-feb-21', 'cindy-malagueno', '2026-02-20', '13:00:00', '22:00:00', '12:58:00', '01:00:00', 0, 0, 3, 'present'),
  ('2026-feb-21-cindy-malagueno-2026-02-21', '2026-feb-21', 'cindy-malagueno', '2026-02-21', '13:00:00', '22:00:00', '14:30:00', '22:00:00', 90, 0, 0, 'present'),
  ('2026-feb-21-mark-lester-arce-2026-02-15', '2026-feb-21', 'mark-lester-arce', '2026-02-15', '16:00:00', '1900-01-01 01:00:00', '17:00:00', '01:00:00', 60, 0, 0, 'present'),
  ('2026-feb-21-mark-lester-arce-2026-02-16', '2026-feb-21', 'mark-lester-arce', '2026-02-16', 'RD', null, 'RD', null, 0, 0, 0, 'rest_day'),
  ('2026-feb-21-mark-lester-arce-2026-02-17', '2026-feb-21', 'mark-lester-arce', '2026-02-17', 'RD', null, 'RD', null, 0, 0, 0, 'rest_day'),
  ('2026-feb-21-mark-lester-arce-2026-02-18', '2026-feb-21', 'mark-lester-arce', '2026-02-18', '16:00:00', '1900-01-01 01:00:00', '16:05:00', '01:00:00', 5, 0, 0, 'present'),
  ('2026-feb-21-mark-lester-arce-2026-02-19', '2026-feb-21', 'mark-lester-arce', '2026-02-19', '16:00:00', '1900-01-01 01:00:00', '17:00:00', '01:00:00', 60, 0, 0, 'present'),
  ('2026-feb-21-mark-lester-arce-2026-02-20', '2026-feb-21', 'mark-lester-arce', '2026-02-20', 'ABSENT', null, 'ABSENT', null, 0, 0, 0, 'absent'),
  ('2026-feb-21-mark-lester-arce-2026-02-21', '2026-feb-21', 'mark-lester-arce', '2026-02-21', '16:00:00', '1900-01-01 01:00:00', '17:00:00', '01:00:00', 60, 0, 0, 'present'),
  ('2026-feb-21-mecaila-amparado-2026-02-15', '2026-feb-21', 'mecaila-amparado', '2026-02-15', '09:00:00', '00:00:00', '11:40:00', '00:00:00', 160, 0, 0, 'present'),
  ('2026-feb-21-mecaila-amparado-2026-02-16', '2026-feb-21', 'mecaila-amparado', '2026-02-16', 'RD', null, 'RD', null, 0, 0, 0, 'rest_day'),
  ('2026-feb-21-mecaila-amparado-2026-02-17', '2026-feb-21', 'mecaila-amparado', '2026-02-17', '09:00:00', '00:00:00', '09:23:00', '00:00:00', 23, 0, 0, 'present'),
  ('2026-feb-21-mecaila-amparado-2026-02-18', '2026-feb-21', 'mecaila-amparado', '2026-02-18', '09:00:00', '00:00:00', '09:35:00', '00:00:00', 35, 0, 0, 'present'),
  ('2026-feb-21-mecaila-amparado-2026-02-19', '2026-feb-21', 'mecaila-amparado', '2026-02-19', '09:00:00', '00:00:00', '09:37:00', '00:00:00', 37, 0, 0, 'present'),
  ('2026-feb-21-mecaila-amparado-2026-02-20', '2026-feb-21', 'mecaila-amparado', '2026-02-20', '09:00:00', '00:00:00', '09:38:00', '00:00:00', 38, 0, 0, 'present'),
  ('2026-feb-21-mecaila-amparado-2026-02-21', '2026-feb-21', 'mecaila-amparado', '2026-02-21', '09:00:00', '00:00:00', '09:31:00', '00:00:00', 31, 0, 0, 'present'),
  ('2026-feb-21-norilyn-hernandez-2026-02-15', '2026-feb-21', 'norilyn-hernandez', '2026-02-15', '09:00:00', '00:00:00', '09:00:00', '00:00:00', 0, 0, 0, 'present'),
  ('2026-feb-21-norilyn-hernandez-2026-02-16', '2026-feb-21', 'norilyn-hernandez', '2026-02-16', '09:00:00', '00:00:00', '09:00:00', '00:00:00', 0, 0, 0, 'present'),
  ('2026-feb-21-norilyn-hernandez-2026-02-17', '2026-feb-21', 'norilyn-hernandez', '2026-02-17', '09:00:00', '00:00:00', '09:00:00', '00:00:00', 0, 0, 0, 'present'),
  ('2026-feb-21-norilyn-hernandez-2026-02-18', '2026-feb-21', 'norilyn-hernandez', '2026-02-18', 'RD', null, 'RD', null, 0, 0, 0, 'rest_day'),
  ('2026-feb-21-norilyn-hernandez-2026-02-19', '2026-feb-21', 'norilyn-hernandez', '2026-02-19', '09:00:00', '00:00:00', '09:00:00', '00:00:00', 0, 0, 0, 'present'),
  ('2026-feb-21-norilyn-hernandez-2026-02-20', '2026-feb-21', 'norilyn-hernandez', '2026-02-20', '09:00:00', '00:00:00', '09:00:00', '00:00:00', 0, 0, 0, 'present'),
  ('2026-feb-21-norilyn-hernandez-2026-02-21', '2026-feb-21', 'norilyn-hernandez', '2026-02-21', '09:00:00', '00:00:00', '09:00:00', '00:00:00', 0, 0, 0, 'present'),
  ('2026-feb-21-reinalyn-abarcar-2026-02-15', '2026-feb-21', 'reinalyn-abarcar', '2026-02-15', '09:00:00', '18:00:00', '09:05:00', '18:00:00', 5, 0, 0, 'present'),
  ('2026-feb-21-reinalyn-abarcar-2026-02-16', '2026-feb-21', 'reinalyn-abarcar', '2026-02-16', '09:00:00', '18:00:00', '09:00:00', '18:00:00', 0, 0, 0, 'present'),
  ('2026-feb-21-reinalyn-abarcar-2026-02-17', '2026-feb-21', 'reinalyn-abarcar', '2026-02-17', '09:00:00', '18:00:00', '09:00:00', '18:00:00', 0, 0, 0, 'present'),
  ('2026-feb-21-reinalyn-abarcar-2026-02-18', '2026-feb-21', 'reinalyn-abarcar', '2026-02-18', '09:00:00', '18:00:00', '09:20:00', '18:00:00', 20, 0, 0, 'present'),
  ('2026-feb-21-reinalyn-abarcar-2026-02-19', '2026-feb-21', 'reinalyn-abarcar', '2026-02-19', 'ABSENT', null, 'ABSENT', null, 0, 0, 0, 'absent'),
  ('2026-feb-21-reinalyn-abarcar-2026-02-20', '2026-feb-21', 'reinalyn-abarcar', '2026-02-20', '09:00:00', '18:00:00', '09:05:00', '18:00:00', 5, 0, 0, 'present'),
  ('2026-feb-21-reinalyn-abarcar-2026-02-21', '2026-feb-21', 'reinalyn-abarcar', '2026-02-21', '09:00:00', '18:00:00', '09:05:00', '18:00:00', 5, 0, 0, 'present'),
  ('2026-feb-21-richel-amparado-2026-02-15', '2026-feb-21', 'richel-amparado', '2026-02-15', '09:00:00', '00:00:00', '09:30:00', '00:00:00', 30, 0, 0, 'present'),
  ('2026-feb-21-richel-amparado-2026-02-16', '2026-feb-21', 'richel-amparado', '2026-02-16', '09:00:00', '00:00:00', '09:20:00', '00:00:00', 20, 0, 0, 'present'),
  ('2026-feb-21-richel-amparado-2026-02-17', '2026-feb-21', 'richel-amparado', '2026-02-17', 'RD', null, 'RD', null, 0, 0, 0, 'rest_day'),
  ('2026-feb-21-richel-amparado-2026-02-18', '2026-feb-21', 'richel-amparado', '2026-02-18', '09:00:00', '00:00:00', '09:00:00', '00:00:00', 0, 0, 0, 'present'),
  ('2026-feb-21-richel-amparado-2026-02-19', '2026-feb-21', 'richel-amparado', '2026-02-19', '09:00:00', '00:00:00', '09:00:00', '00:00:00', 0, 0, 0, 'present'),
  ('2026-feb-21-richel-amparado-2026-02-20', '2026-feb-21', 'richel-amparado', '2026-02-20', '09:00:00', '00:00:00', '09:35:00', '00:00:00', 35, 0, 0, 'present'),
  ('2026-feb-21-richel-amparado-2026-02-21', '2026-feb-21', 'richel-amparado', '2026-02-21', '09:00:00', '00:00:00', '09:30:00', '00:00:00', 30, 0, 0, 'present'),
  ('2026-jan-15-cindy-malagueno-2026-01-01', '2026-jan-15', 'cindy-malagueno', '2026-01-01', 'CLOSED', null, 'RD', null, 0, 0, 0, 'rest_day'),
  ('2026-jan-15-cindy-malagueno-2026-01-02', '2026-jan-15', 'cindy-malagueno', '2026-01-02', '16:00:00', '1900-01-01 01:00:00', '15:46:00', '02:30:00', 0, 0, 1, 'present'),
  ('2026-jan-15-cindy-malagueno-2026-01-03', '2026-jan-15', 'cindy-malagueno', '2026-01-03', '16:00:00', '1900-01-01 01:00:00', '15:40:00', '02:30:00', 0, 0, 1, 'present'),
  ('2026-jan-15-cindy-malagueno-2026-01-04', '2026-jan-15', 'cindy-malagueno', '2026-01-04', '16:00:00', '1900-01-01 01:00:00', '15:50:00', '01:00:00', 0, 0, 0, 'present'),
  ('2026-jan-15-cindy-malagueno-2026-01-05', '2026-jan-15', 'cindy-malagueno', '2026-01-05', '16:00:00', '1900-01-01 01:00:00', '16:00:00', '01:00:00', 0, 0, 0, 'present'),
  ('2026-jan-15-cindy-malagueno-2026-01-06', '2026-jan-15', 'cindy-malagueno', '2026-01-06', '16:00:00', '1900-01-01 01:00:00', '16:00:00', '01:00:00', 0, 0, 0, 'present'),
  ('2026-jan-15-cindy-malagueno-2026-01-07', '2026-jan-15', 'cindy-malagueno', '2026-01-07', '16:00:00', '1900-01-01 01:00:00', '16:23:00', '01:00:00', 23, 0, 0, 'present'),
  ('2026-jan-15-cindy-malagueno-2026-01-08', '2026-jan-15', 'cindy-malagueno', '2026-01-08', 'RD', null, 'RD', null, 0, 0, 0, 'rest_day'),
  ('2026-jan-15-cindy-malagueno-2026-01-09', '2026-jan-15', 'cindy-malagueno', '2026-01-09', '16:00:00', '1900-01-01 01:00:00', '16:00:00', '01:00:00', 0, 0, 0, 'present'),
  ('2026-jan-15-cindy-malagueno-2026-01-10', '2026-jan-15', 'cindy-malagueno', '2026-01-10', '16:00:00', '18:00:00', '15:50:00', '01:00:00', 0, 0, 0, 'present'),
  ('2026-jan-15-cindy-malagueno-2026-01-11', '2026-jan-15', 'cindy-malagueno', '2026-01-11', '09:00:00', '18:00:00', '09:00:00', '20:00:00', 0, 0, 2, 'present'),
  ('2026-jan-15-cindy-malagueno-2026-01-12', '2026-jan-15', 'cindy-malagueno', '2026-01-12', '13:00:00', '22:00:00', '13:00:00', '00:00:00', 0, 0, 2, 'present'),
  ('2026-jan-15-cindy-malagueno-2026-01-13', '2026-jan-15', 'cindy-malagueno', '2026-01-13', '16:00:00', '1900-01-01 01:00:00', '16:00:00', '01:00:00', 0, 0, 0, 'present'),
  ('2026-jan-15-cindy-malagueno-2026-01-14', '2026-jan-15', 'cindy-malagueno', '2026-01-14', '16:00:00', '1900-01-01 01:00:00', '13:00:00', '01:00:00', 0, 0, 3, 'present'),
  ('2026-jan-15-cindy-malagueno-2026-01-15', '2026-jan-15', 'cindy-malagueno', '2026-01-15', '13:00:00', '22:00:00', '13:00:00', '01:00:00', 0, 0, 3, 'present'),
  ('2026-jan-15-mark-lester-arce-2025-12-26', '2026-jan-15', 'mark-lester-arce', '2025-12-26', '16:00:00', '1900-01-01 01:00:00', '16:00:00', '01:00:00', 0, 0, 0, 'present'),
  ('2026-jan-15-mark-lester-arce-2025-12-27', '2026-jan-15', 'mark-lester-arce', '2025-12-27', '16:00:00', '1900-01-01 01:00:00', '16:00:00', '01:00:00', 0, 0, 0, 'present'),
  ('2026-jan-15-mark-lester-arce-2025-12-28', '2026-jan-15', 'mark-lester-arce', '2025-12-28', '16:00:00', '1900-01-01 01:00:00', '16:00:00', '01:00:00', 0, 0, 0, 'present'),
  ('2026-jan-15-mark-lester-arce-2025-12-29', '2026-jan-15', 'mark-lester-arce', '2025-12-29', '16:00:00', '1900-01-01 01:00:00', '16:20:00', '01:00:00', 20, 0, 0, 'present'),
  ('2026-jan-15-mark-lester-arce-2025-12-30', '2026-jan-15', 'mark-lester-arce', '2025-12-30', 'ABSENT', null, 'ABSENT', null, 0, 0, 0, 'absent'),
  ('2026-jan-15-mark-lester-arce-2025-12-31', '2026-jan-15', 'mark-lester-arce', '2025-12-31', '14:00:00', '23:00:00', '14:00:00', '01:00:00', 0, 0, 0, 'present'),
  ('2026-jan-15-mark-lester-arce-2026-01-01', '2026-jan-15', 'mark-lester-arce', '2026-01-01', 'CLOSED', null, 'RD', null, 0, 0, 0, 'rest_day'),
  ('2026-jan-15-mark-lester-arce-2026-01-02', '2026-jan-15', 'mark-lester-arce', '2026-01-02', 'ABSENT', null, 'ABSENT', null, 0, 0, 0, 'absent'),
  ('2026-jan-15-mark-lester-arce-2026-01-03', '2026-jan-15', 'mark-lester-arce', '2026-01-03', '14:00:00', '23:00:00', '14:50:00', '23:00:00', 50, 0, 0, 'present'),
  ('2026-jan-15-mark-lester-arce-2026-01-04', '2026-jan-15', 'mark-lester-arce', '2026-01-04', '09:00:00', '18:00:00', '09:00:00', '18:00:00', 0, 0, 0, 'present'),
  ('2026-jan-15-mark-lester-arce-2026-01-05', '2026-jan-15', 'mark-lester-arce', '2026-01-05', 'RD', null, 'RD', null, 0, 0, 0, 'rest_day'),
  ('2026-jan-15-mark-lester-arce-2026-01-06', '2026-jan-15', 'mark-lester-arce', '2026-01-06', 'RD', null, 'RD', null, 0, 0, 0, 'rest_day'),
  ('2026-jan-15-mark-lester-arce-2026-01-07', '2026-jan-15', 'mark-lester-arce', '2026-01-07', '14:00:00', '23:00:00', '14:30:00', '23:00:00', 30, 0, 0, 'present'),
  ('2026-jan-15-mark-lester-arce-2026-01-08', '2026-jan-15', 'mark-lester-arce', '2026-01-08', '16:00:00', '1900-01-01 01:00:00', '16:00:00', '01:00:00', 0, 0, 0, 'present'),
  ('2026-jan-15-mark-lester-arce-2026-01-09', '2026-jan-15', 'mark-lester-arce', '2026-01-09', '16:00:00', '1900-01-01 01:00:00', '16:30:00', '01:00:00', 30, 0, 0, 'present'),
  ('2026-jan-15-mark-lester-arce-2026-01-10', '2026-jan-15', 'mark-lester-arce', '2026-01-10', '16:00:00', '1900-01-01 01:00:00', '16:30:00', '01:00:00', 30, 0, 0, 'present'),
  ('2026-jan-15-mecaila-amparado-2026-01-01', '2026-jan-15', 'mecaila-amparado', '2026-01-01', 'CLOSED', null, 'RD', null, 0, 0, 0, 'rest_day'),
  ('2026-jan-15-mecaila-amparado-2026-01-02', '2026-jan-15', 'mecaila-amparado', '2026-01-02', '09:00:00', '00:00:00', '09:00:00', '00:00:00', 0, 0, 0, 'present'),
  ('2026-jan-15-mecaila-amparado-2026-01-03', '2026-jan-15', 'mecaila-amparado', '2026-01-03', '09:00:00', '00:00:00', '09:00:00', '00:00:00', 0, 0, 0, 'present'),
  ('2026-jan-15-mecaila-amparado-2026-01-04', '2026-jan-15', 'mecaila-amparado', '2026-01-04', '09:00:00', '00:00:00', '09:00:00', '00:00:00', 0, 0, 0, 'present'),
  ('2026-jan-15-mecaila-amparado-2026-01-05', '2026-jan-15', 'mecaila-amparado', '2026-01-05', '09:00:00', '00:00:00', '09:00:00', '00:00:00', 0, 0, 0, 'present'),
  ('2026-jan-15-mecaila-amparado-2026-01-06', '2026-jan-15', 'mecaila-amparado', '2026-01-06', '09:00:00', '00:00:00', '09:00:00', '00:00:00', 0, 0, 0, 'present'),
  ('2026-jan-15-mecaila-amparado-2026-01-07', '2026-jan-15', 'mecaila-amparado', '2026-01-07', 'ABSENT', null, 'ABSENT', null, 0, 0, 0, 'absent'),
  ('2026-jan-15-mecaila-amparado-2026-01-08', '2026-jan-15', 'mecaila-amparado', '2026-01-08', 'ABSENT', null, 'ABSENT', null, 0, 0, 0, 'absent'),
  ('2026-jan-15-mecaila-amparado-2026-01-09', '2026-jan-15', 'mecaila-amparado', '2026-01-09', 'ABSENT', null, 'ABSENT', null, 0, 0, 0, 'absent'),
  ('2026-jan-15-mecaila-amparado-2026-01-10', '2026-jan-15', 'mecaila-amparado', '2026-01-10', 'ABSENT', null, 'ABSENT', null, 0, 0, 0, 'absent'),
  ('2026-jan-15-mecaila-amparado-2026-01-11', '2026-jan-15', 'mecaila-amparado', '2026-01-11', 'ABSENT', null, 'ABSENT', null, 0, 0, 0, 'absent'),
  ('2026-jan-15-mecaila-amparado-2026-01-12', '2026-jan-15', 'mecaila-amparado', '2026-01-12', 'ABSENT', null, 'ABSENT', null, 0, 0, 0, 'absent'),
  ('2026-jan-15-mecaila-amparado-2026-01-13', '2026-jan-15', 'mecaila-amparado', '2026-01-13', 'ABSENT', null, 'ABSENT', null, 0, 0, 0, 'absent'),
  ('2026-jan-15-mecaila-amparado-2026-01-14', '2026-jan-15', 'mecaila-amparado', '2026-01-14', 'ABSENT', null, 'ABSENT', null, 0, 0, 0, 'absent'),
  ('2026-jan-15-mecaila-amparado-2026-01-15', '2026-jan-15', 'mecaila-amparado', '2026-01-15', 'ABSENT', null, 'ABSENT', null, 0, 0, 0, 'absent'),
  ('2026-jan-15-norilyn-hernandez-2026-01-01', '2026-jan-15', 'norilyn-hernandez', '2026-01-01', 'CLOSED', null, 'RD', null, 0, 0, 0, 'rest_day'),
  ('2026-jan-15-norilyn-hernandez-2026-01-02', '2026-jan-15', 'norilyn-hernandez', '2026-01-02', 'ABSENT', null, 'ABSENT', null, 0, 0, 0, 'absent'),
  ('2026-jan-15-norilyn-hernandez-2026-01-03', '2026-jan-15', 'norilyn-hernandez', '2026-01-03', 'ABSENT', null, 'ABSENT', null, 0, 0, 0, 'absent'),
  ('2026-jan-15-norilyn-hernandez-2026-01-04', '2026-jan-15', 'norilyn-hernandez', '2026-01-04', 'ABSENT', null, 'ABSENT', null, 0, 0, 0, 'absent'),
  ('2026-jan-15-norilyn-hernandez-2026-01-05', '2026-jan-15', 'norilyn-hernandez', '2026-01-05', 'ABSENT', null, 'ABSENT', null, 0, 0, 0, 'absent'),
  ('2026-jan-15-norilyn-hernandez-2026-01-06', '2026-jan-15', 'norilyn-hernandez', '2026-01-06', 'ABSENT', null, 'ABSENT', null, 0, 0, 0, 'absent'),
  ('2026-jan-15-norilyn-hernandez-2026-01-07', '2026-jan-15', 'norilyn-hernandez', '2026-01-07', 'ABSENT', null, 'ABSENT', null, 0, 0, 0, 'absent'),
  ('2026-jan-15-norilyn-hernandez-2026-01-08', '2026-jan-15', 'norilyn-hernandez', '2026-01-08', 'ABSENT', null, 'ABSENT', null, 0, 0, 0, 'absent'),
  ('2026-jan-15-norilyn-hernandez-2026-01-09', '2026-jan-15', 'norilyn-hernandez', '2026-01-09', 'ABSENT', null, 'ABSENT', null, 0, 0, 0, 'absent'),
  ('2026-jan-15-norilyn-hernandez-2026-01-10', '2026-jan-15', 'norilyn-hernandez', '2026-01-10', 'ABSENT', null, 'ABSENT', null, 0, 0, 0, 'absent'),
  ('2026-jan-15-norilyn-hernandez-2026-01-11', '2026-jan-15', 'norilyn-hernandez', '2026-01-11', 'ABSENT', null, 'ABSENT', null, 0, 0, 0, 'absent'),
  ('2026-jan-15-norilyn-hernandez-2026-01-12', '2026-jan-15', 'norilyn-hernandez', '2026-01-12', '09:00:00', '00:00:00', '09:00:00', '00:00:00', 0, 0, 0, 'present'),
  ('2026-jan-15-norilyn-hernandez-2026-01-13', '2026-jan-15', 'norilyn-hernandez', '2026-01-13', '09:00:00', '00:00:00', '09:00:00', '00:00:00', 0, 0, 0, 'present'),
  ('2026-jan-15-norilyn-hernandez-2026-01-14', '2026-jan-15', 'norilyn-hernandez', '2026-01-14', '09:00:00', '00:00:00', '09:00:00', '00:00:00', 0, 0, 0, 'present'),
  ('2026-jan-15-norilyn-hernandez-2026-01-15', '2026-jan-15', 'norilyn-hernandez', '2026-01-15', '09:00:00', '00:00:00', '09:00:00', '00:00:00', 0, 0, 0, 'present'),
  ('2026-jan-15-reinalyn-abarcar-2025-12-26', '2026-jan-15', 'reinalyn-abarcar', '2025-12-26', '09:00:00', '18:00:00', '09:20:00', '00:00:00', 20, 0, 6, 'present'),
  ('2026-jan-15-reinalyn-abarcar-2025-12-27', '2026-jan-15', 'reinalyn-abarcar', '2025-12-27', '09:00:00', '18:00:00', '09:20:00', '00:00:00', 20, 0, 6, 'present'),
  ('2026-jan-15-reinalyn-abarcar-2025-12-28', '2026-jan-15', 'reinalyn-abarcar', '2025-12-28', '09:00:00', '18:00:00', '09:00:00', '00:00:00', 0, 0, 6, 'present'),
  ('2026-jan-15-reinalyn-abarcar-2025-12-29', '2026-jan-15', 'reinalyn-abarcar', '2025-12-29', '09:00:00', '18:00:00', '09:00:00', '18:00:00', 0, 0, 0, 'present'),
  ('2026-jan-15-reinalyn-abarcar-2025-12-30', '2026-jan-15', 'reinalyn-abarcar', '2025-12-30', '09:00:00', '18:00:00', '09:00:00', '00:00:00', 0, 0, 6, 'present'),
  ('2026-jan-15-reinalyn-abarcar-2025-12-31', '2026-jan-15', 'reinalyn-abarcar', '2025-12-31', 'ABSENT', null, 'ABSENT', null, 0, 0, 0, 'absent'),
  ('2026-jan-15-reinalyn-abarcar-2026-01-01', '2026-jan-15', 'reinalyn-abarcar', '2026-01-01', 'CLOSED', null, 'RD', null, 0, 0, 0, 'rest_day'),
  ('2026-jan-15-reinalyn-abarcar-2026-01-02', '2026-jan-15', 'reinalyn-abarcar', '2026-01-02', '09:00:00', '18:00:00', '09:40:00', '19:00:00', 40, 0, 1, 'present'),
  ('2026-jan-15-reinalyn-abarcar-2026-01-03', '2026-jan-15', 'reinalyn-abarcar', '2026-01-03', '09:00:00', '18:00:00', '09:42:00', '18:00:00', 42, 0, 0, 'present'),
  ('2026-jan-15-reinalyn-abarcar-2026-01-04', '2026-jan-15', 'reinalyn-abarcar', '2026-01-04', 'RD', null, 'RD', null, 0, 0, 0, 'rest_day'),
  ('2026-jan-15-reinalyn-abarcar-2026-01-05', '2026-jan-15', 'reinalyn-abarcar', '2026-01-05', '09:00:00', '18:00:00', '09:28:00', '18:00:00', 28, 0, 0, 'present'),
  ('2026-jan-15-reinalyn-abarcar-2026-01-06', '2026-jan-15', 'reinalyn-abarcar', '2026-01-06', '09:00:00', '18:00:00', '09:28:00', '19:00:00', 28, 0, 1, 'present'),
  ('2026-jan-15-reinalyn-abarcar-2026-01-07', '2026-jan-15', 'reinalyn-abarcar', '2026-01-07', '09:00:00', '18:00:00', '09:28:00', '19:00:00', 28, 0, 1, 'present'),
  ('2026-jan-15-reinalyn-abarcar-2026-01-08', '2026-jan-15', 'reinalyn-abarcar', '2026-01-08', '09:00:00', '18:00:00', '09:45:00', '19:00:00', 45, 0, 1, 'present'),
  ('2026-jan-15-reinalyn-abarcar-2026-01-09', '2026-jan-15', 'reinalyn-abarcar', '2026-01-09', '09:00:00', '18:00:00', '09:45:00', '19:00:00', 45, 0, 1, 'present'),
  ('2026-jan-15-reinalyn-abarcar-2026-01-10', '2026-jan-15', 'reinalyn-abarcar', '2026-01-10', '09:00:00', '18:00:00', '09:03:00', '18:00:00', 3, 0, 0, 'present'),
  ('2026-jan-15-richel-amparado-2026-01-01', '2026-jan-15', 'richel-amparado', '2026-01-01', 'CLOSED', null, 'RD', null, 0, 0, 0, 'rest_day'),
  ('2026-jan-15-richel-amparado-2026-01-02', '2026-jan-15', 'richel-amparado', '2026-01-02', '09:00:00', '00:00:00', '09:00:00', '00:00:00', 0, 0, 0, 'present'),
  ('2026-jan-15-richel-amparado-2026-01-03', '2026-jan-15', 'richel-amparado', '2026-01-03', '09:00:00', '00:00:00', '09:00:00', '00:00:00', 0, 0, 0, 'present'),
  ('2026-jan-15-richel-amparado-2026-01-04', '2026-jan-15', 'richel-amparado', '2026-01-04', '09:00:00', '00:00:00', '09:00:00', '00:00:00', 0, 0, 0, 'present'),
  ('2026-jan-15-richel-amparado-2026-01-05', '2026-jan-15', 'richel-amparado', '2026-01-05', '09:00:00', '00:00:00', '09:00:00', '00:00:00', 0, 0, 0, 'present'),
  ('2026-jan-15-richel-amparado-2026-01-06', '2026-jan-15', 'richel-amparado', '2026-01-06', '09:00:00', '00:00:00', '09:00:00', '00:00:00', 0, 0, 0, 'present'),
  ('2026-jan-15-richel-amparado-2026-01-07', '2026-jan-15', 'richel-amparado', '2026-01-07', 'ABSENT', null, 'ABSENT', null, 0, 0, 0, 'absent'),
  ('2026-jan-15-richel-amparado-2026-01-08', '2026-jan-15', 'richel-amparado', '2026-01-08', 'ABSENT', null, 'ABSENT', null, 0, 0, 0, 'absent'),
  ('2026-jan-15-richel-amparado-2026-01-09', '2026-jan-15', 'richel-amparado', '2026-01-09', 'ABSENT', null, 'ABSENT', null, 0, 0, 0, 'absent'),
  ('2026-jan-15-richel-amparado-2026-01-10', '2026-jan-15', 'richel-amparado', '2026-01-10', 'ABSENT', null, 'ABSENT', null, 0, 0, 0, 'absent'),
  ('2026-jan-15-richel-amparado-2026-01-11', '2026-jan-15', 'richel-amparado', '2026-01-11', 'ABSENT', null, 'ABSENT', null, 0, 0, 0, 'absent'),
  ('2026-jan-15-richel-amparado-2026-01-12', '2026-jan-15', 'richel-amparado', '2026-01-12', 'ABSENT', null, 'ABSENT', null, 0, 0, 0, 'absent'),
  ('2026-jan-15-richel-amparado-2026-01-13', '2026-jan-15', 'richel-amparado', '2026-01-13', 'ABSENT', null, 'ABSENT', null, 0, 0, 0, 'absent'),
  ('2026-jan-15-richel-amparado-2026-01-14', '2026-jan-15', 'richel-amparado', '2026-01-14', 'ABSENT', null, 'ABSENT', null, 0, 0, 0, 'absent'),
  ('2026-jan-15-richel-amparado-2026-01-15', '2026-jan-15', 'richel-amparado', '2026-01-15', 'ABSENT', null, 'ABSENT', null, 0, 0, 0, 'absent'),
  ('2026-jan-31-cindy-malagueno-2026-01-16', '2026-jan-31', 'cindy-malagueno', '2026-01-16', '16:00:00', '1900-01-01 01:00:00', '16:00:00', '01:00:00', 0, 0, 0, 'present'),
  ('2026-jan-31-cindy-malagueno-2026-01-17', '2026-jan-31', 'cindy-malagueno', '2026-01-17', '16:00:00', '1900-01-01 01:00:00', '16:00:00', '01:00:00', 0, 0, 0, 'present'),
  ('2026-jan-31-cindy-malagueno-2026-01-18', '2026-jan-31', 'cindy-malagueno', '2026-01-18', '09:00:00', '18:00:00', '09:00:00', '01:00:00', 0, 0, 7, 'present'),
  ('2026-jan-31-cindy-malagueno-2026-01-19', '2026-jan-31', 'cindy-malagueno', '2026-01-19', '16:00:00', '1900-01-01 01:00:00', '16:40:00', '01:00:00', 40, 0, 0, 'present'),
  ('2026-jan-31-cindy-malagueno-2026-01-20', '2026-jan-31', 'cindy-malagueno', '2026-01-20', '16:00:00', '1900-01-01 01:00:00', '16:00:00', '01:00:00', 0, 0, 0, 'present'),
  ('2026-jan-31-cindy-malagueno-2026-01-21', '2026-jan-31', 'cindy-malagueno', '2026-01-21', '13:00:00', '22:00:00', '13:10:00', '22:00:00', 10, 0, 0, 'present'),
  ('2026-jan-31-cindy-malagueno-2026-01-22', '2026-jan-31', 'cindy-malagueno', '2026-01-22', 'RD', null, 'RD', null, 0, 0, 0, 'rest_day'),
  ('2026-jan-31-cindy-malagueno-2026-01-23', '2026-jan-31', 'cindy-malagueno', '2026-01-23', '13:00:00', '22:00:00', '13:00:00', '00:00:00', 0, 0, 2, 'present'),
  ('2026-jan-31-cindy-malagueno-2026-01-24', '2026-jan-31', 'cindy-malagueno', '2026-01-24', '13:00:00', '22:00:00', '13:35:00', '22:00:00', 35, 0, 0, 'present'),
  ('2026-jan-31-cindy-malagueno-2026-01-25', '2026-jan-31', 'cindy-malagueno', '2026-01-25', '09:00:00', '18:00:00', '09:00:00', '20:00:00', 0, 0, 2, 'present'),
  ('2026-jan-31-cindy-malagueno-2026-01-26', '2026-jan-31', 'cindy-malagueno', '2026-01-26', '16:00:00', '18:00:00', '15:51:00', '02:00:00', 0, 0, 1, 'present'),
  ('2026-jan-31-cindy-malagueno-2026-01-27', '2026-jan-31', 'cindy-malagueno', '2026-01-27', '16:00:00', '1900-01-01 01:00:00', '16:00:00', '01:00:00', 0, 0, 0, 'present'),
  ('2026-jan-31-cindy-malagueno-2026-01-28', '2026-jan-31', 'cindy-malagueno', '2026-01-28', '13:00:00', '22:00:00', '13:06:00', '01:00:00', 6, 0, 3, 'present'),
  ('2026-jan-31-cindy-malagueno-2026-01-29', '2026-jan-31', 'cindy-malagueno', '2026-01-29', 'RD', null, 'RD', null, 0, 0, 0, 'rest_day'),
  ('2026-jan-31-cindy-malagueno-2026-01-30', '2026-jan-31', 'cindy-malagueno', '2026-01-30', '13:00:00', '22:00:00', '13:00:00', '01:00:00', 0, 0, 3, 'present'),
  ('2026-jan-31-cindy-malagueno-2026-01-31', '2026-jan-31', 'cindy-malagueno', '2026-01-31', 'ABSENT', null, 'ABSENT', null, 0, 0, 0, 'absent'),
  ('2026-jan-31-mark-lester-arce-2026-01-11', '2026-jan-31', 'mark-lester-arce', '2026-01-11', '16:00:00', '1900-01-01 01:00:00', '16:30:00', '01:00:00', 30, 0, 0, 'present'),
  ('2026-jan-31-mark-lester-arce-2026-01-12', '2026-jan-31', 'mark-lester-arce', '2026-01-12', '16:00:00', '1900-01-01 01:00:00', '16:30:00', '01:00:00', 30, 0, 0, 'present'),
  ('2026-jan-31-mark-lester-arce-2026-01-13', '2026-jan-31', 'mark-lester-arce', '2026-01-13', 'RD', null, 'RD', null, 0, 0, 0, 'rest_day'),
  ('2026-jan-31-mark-lester-arce-2026-01-14', '2026-jan-31', 'mark-lester-arce', '2026-01-14', 'RD', null, 'RD', null, 0, 0, 0, 'rest_day'),
  ('2026-jan-31-mark-lester-arce-2026-01-15', '2026-jan-31', 'mark-lester-arce', '2026-01-15', 'ABSENT', null, 'ABSENT', null, 0, 0, 0, 'absent'),
  ('2026-jan-31-mark-lester-arce-2026-01-16', '2026-jan-31', 'mark-lester-arce', '2026-01-16', 'ABSENT', null, 'ABSENT', null, 0, 0, 0, 'absent'),
  ('2026-jan-31-mark-lester-arce-2026-01-17', '2026-jan-31', 'mark-lester-arce', '2026-01-17', 'ABSENT', null, 'ABSENT', null, 0, 0, 0, 'absent'),
  ('2026-jan-31-mark-lester-arce-2026-01-18', '2026-jan-31', 'mark-lester-arce', '2026-01-18', 'ABSENT', null, 'ABSENT', null, 0, 0, 0, 'absent'),
  ('2026-jan-31-mark-lester-arce-2026-01-19', '2026-jan-31', 'mark-lester-arce', '2026-01-19', 'ABSENT', null, 'ABSENT', null, 0, 0, 0, 'absent'),
  ('2026-jan-31-mark-lester-arce-2026-01-20', '2026-jan-31', 'mark-lester-arce', '2026-01-20', 'ABSENT', null, 'ABSENT', null, 0, 0, 0, 'absent'),
  ('2026-jan-31-mark-lester-arce-2026-01-21', '2026-jan-31', 'mark-lester-arce', '2026-01-21', '16:00:00', '1900-01-01 01:00:00', '16:00:00', '01:00:00', 0, 0, 0, 'present'),
  ('2026-jan-31-mark-lester-arce-2026-01-22', '2026-jan-31', 'mark-lester-arce', '2026-01-22', '16:00:00', '1900-01-01 01:00:00', '16:30:00', '01:00:00', 30, 0, 0, 'present'),
  ('2026-jan-31-mark-lester-arce-2026-01-23', '2026-jan-31', 'mark-lester-arce', '2026-01-23', '16:00:00', '1900-01-01 01:00:00', '18:10:00', '04:30:00', 130, 0, 3, 'present'),
  ('2026-jan-31-mark-lester-arce-2026-01-24', '2026-jan-31', 'mark-lester-arce', '2026-01-24', '16:00:00', '1900-01-01 01:00:00', '16:30:00', '01:00:00', 30, 0, 0, 'present'),
  ('2026-jan-31-mark-lester-arce-2026-01-25', '2026-jan-31', 'mark-lester-arce', '2026-01-25', '16:00:00', '1900-01-01 01:00:00', '16:30:00', '01:00:00', 30, 0, 0, 'present'),
  ('2026-jan-31-mecaila-amparado-2026-01-16', '2026-jan-31', 'mecaila-amparado', '2026-01-16', 'ABSENT', null, 'ABSENT', null, 0, 0, 0, 'absent'),
  ('2026-jan-31-mecaila-amparado-2026-01-17', '2026-jan-31', 'mecaila-amparado', '2026-01-17', '09:00:00', '00:00:00', '09:36:00', '00:00:00', 36, 0, 0, 'present'),
  ('2026-jan-31-mecaila-amparado-2026-01-18', '2026-jan-31', 'mecaila-amparado', '2026-01-18', '09:00:00', '00:00:00', '09:23:00', '00:00:00', 23, 0, 0, 'present'),
  ('2026-jan-31-mecaila-amparado-2026-01-19', '2026-jan-31', 'mecaila-amparado', '2026-01-19', '09:00:00', '00:00:00', '09:51:00', '00:00:00', 51, 0, 0, 'present'),
  ('2026-jan-31-mecaila-amparado-2026-01-20', '2026-jan-31', 'mecaila-amparado', '2026-01-20', '09:00:00', '00:00:00', '09:22:00', '00:00:00', 22, 0, 0, 'present'),
  ('2026-jan-31-mecaila-amparado-2026-01-21', '2026-jan-31', 'mecaila-amparado', '2026-01-21', '09:00:00', '00:00:00', '09:30:00', '00:00:00', 30, 0, 0, 'present'),
  ('2026-jan-31-mecaila-amparado-2026-01-22', '2026-jan-31', 'mecaila-amparado', '2026-01-22', '09:00:00', '00:00:00', '09:40:00', '00:00:00', 40, 0, 0, 'present'),
  ('2026-jan-31-mecaila-amparado-2026-01-23', '2026-jan-31', 'mecaila-amparado', '2026-01-23', '09:00:00', '00:00:00', '09:13:00', '00:00:00', 13, 0, 0, 'present'),
  ('2026-jan-31-mecaila-amparado-2026-01-24', '2026-jan-31', 'mecaila-amparado', '2026-01-24', '09:00:00', '00:00:00', '09:33:00', '00:00:00', 33, 0, 0, 'present'),
  ('2026-jan-31-mecaila-amparado-2026-01-25', '2026-jan-31', 'mecaila-amparado', '2026-01-25', '09:00:00', '00:00:00', '09:13:00', '00:00:00', 13, 0, 0, 'present'),
  ('2026-jan-31-mecaila-amparado-2026-01-26', '2026-jan-31', 'mecaila-amparado', '2026-01-26', '09:00:00', '00:00:00', '09:32:00', '00:00:00', 32, 0, 0, 'present'),
  ('2026-jan-31-mecaila-amparado-2026-01-27', '2026-jan-31', 'mecaila-amparado', '2026-01-27', '09:00:00', '00:00:00', '09:22:00', '00:00:00', 22, 0, 0, 'present'),
  ('2026-jan-31-mecaila-amparado-2026-01-28', '2026-jan-31', 'mecaila-amparado', '2026-01-28', '09:00:00', '00:00:00', '09:00:00', '00:00:00', 0, 0, 0, 'present'),
  ('2026-jan-31-mecaila-amparado-2026-01-29', '2026-jan-31', 'mecaila-amparado', '2026-01-29', '09:00:00', '00:00:00', '09:00:00', '00:00:00', 0, 0, 0, 'present'),
  ('2026-jan-31-mecaila-amparado-2026-01-30', '2026-jan-31', 'mecaila-amparado', '2026-01-30', '09:00:00', '00:00:00', '09:00:00', '00:00:00', 0, 0, 0, 'present'),
  ('2026-jan-31-mecaila-amparado-2026-01-31', '2026-jan-31', 'mecaila-amparado', '2026-01-31', '09:00:00', '00:00:00', '09:00:00', '00:00:00', 0, 0, 0, 'present'),
  ('2026-jan-31-norilyn-hernandez-2026-01-16', '2026-jan-31', 'norilyn-hernandez', '2026-01-16', '09:00:00', '00:00:00', '09:00:00', '00:00:00', 0, 0, 0, 'present'),
  ('2026-jan-31-norilyn-hernandez-2026-01-17', '2026-jan-31', 'norilyn-hernandez', '2026-01-17', '09:00:00', '00:00:00', '09:00:00', '00:00:00', 0, 0, 0, 'present'),
  ('2026-jan-31-norilyn-hernandez-2026-01-18', '2026-jan-31', 'norilyn-hernandez', '2026-01-18', '09:00:00', '00:00:00', '09:00:00', '00:00:00', 0, 0, 0, 'present'),
  ('2026-jan-31-norilyn-hernandez-2026-01-19', '2026-jan-31', 'norilyn-hernandez', '2026-01-19', '09:00:00', '00:00:00', '09:00:00', '00:00:00', 0, 0, 0, 'present'),
  ('2026-jan-31-norilyn-hernandez-2026-01-20', '2026-jan-31', 'norilyn-hernandez', '2026-01-20', '09:00:00', '00:00:00', '09:00:00', '00:00:00', 0, 0, 0, 'present'),
  ('2026-jan-31-norilyn-hernandez-2026-01-21', '2026-jan-31', 'norilyn-hernandez', '2026-01-21', '09:00:00', '00:00:00', '09:00:00', '00:00:00', 0, 0, 0, 'present'),
  ('2026-jan-31-norilyn-hernandez-2026-01-22', '2026-jan-31', 'norilyn-hernandez', '2026-01-22', '09:00:00', '00:00:00', '09:00:00', '00:00:00', 0, 0, 0, 'present'),
  ('2026-jan-31-norilyn-hernandez-2026-01-23', '2026-jan-31', 'norilyn-hernandez', '2026-01-23', '09:00:00', '00:00:00', '09:00:00', '00:00:00', 0, 0, 0, 'present'),
  ('2026-jan-31-norilyn-hernandez-2026-01-24', '2026-jan-31', 'norilyn-hernandez', '2026-01-24', '09:00:00', '00:00:00', '09:00:00', '00:00:00', 0, 0, 0, 'present'),
  ('2026-jan-31-norilyn-hernandez-2026-01-25', '2026-jan-31', 'norilyn-hernandez', '2026-01-25', '09:00:00', '00:00:00', '09:00:00', '00:00:00', 0, 0, 0, 'present'),
  ('2026-jan-31-norilyn-hernandez-2026-01-26', '2026-jan-31', 'norilyn-hernandez', '2026-01-26', '09:00:00', '00:00:00', '09:00:00', '00:00:00', 0, 0, 0, 'present'),
  ('2026-jan-31-norilyn-hernandez-2026-01-27', '2026-jan-31', 'norilyn-hernandez', '2026-01-27', '09:00:00', '00:00:00', '09:00:00', '00:00:00', 0, 0, 0, 'present'),
  ('2026-jan-31-norilyn-hernandez-2026-01-28', '2026-jan-31', 'norilyn-hernandez', '2026-01-28', '09:00:00', '00:00:00', '09:00:00', '00:00:00', 0, 0, 0, 'present'),
  ('2026-jan-31-norilyn-hernandez-2026-01-29', '2026-jan-31', 'norilyn-hernandez', '2026-01-29', '09:00:00', '00:00:00', '09:00:00', '00:00:00', 0, 0, 0, 'present'),
  ('2026-jan-31-norilyn-hernandez-2026-01-30', '2026-jan-31', 'norilyn-hernandez', '2026-01-30', '09:00:00', '00:00:00', '09:00:00', '00:00:00', 0, 0, 0, 'present'),
  ('2026-jan-31-norilyn-hernandez-2026-01-31', '2026-jan-31', 'norilyn-hernandez', '2026-01-31', '09:00:00', '00:00:00', '09:00:00', '00:00:00', 0, 0, 0, 'present'),
  ('2026-jan-31-reinalyn-abarcar-2026-01-11', '2026-jan-31', 'reinalyn-abarcar', '2026-01-11', '09:00:00', '18:00:00', '09:20:00', '19:00:00', 20, 0, 1, 'present'),
  ('2026-jan-31-reinalyn-abarcar-2026-01-12', '2026-jan-31', 'reinalyn-abarcar', '2026-01-12', '09:00:00', '18:00:00', '09:20:00', '23:00:00', 20, 0, 5, 'present'),
  ('2026-jan-31-reinalyn-abarcar-2026-01-13', '2026-jan-31', 'reinalyn-abarcar', '2026-01-13', '09:00:00', '18:00:00', '09:00:00', '18:00:00', 0, 0, 0, 'present'),
  ('2026-jan-31-reinalyn-abarcar-2026-01-14', '2026-jan-31', 'reinalyn-abarcar', '2026-01-14', '09:00:00', '18:00:00', '09:00:00', '18:00:00', 0, 0, 0, 'present'),
  ('2026-jan-31-reinalyn-abarcar-2026-01-15', '2026-jan-31', 'reinalyn-abarcar', '2026-01-15', '09:00:00', '18:00:00', '09:00:00', '20:00:00', 0, 0, 2, 'present'),
  ('2026-jan-31-reinalyn-abarcar-2026-01-16', '2026-jan-31', 'reinalyn-abarcar', '2026-01-16', '09:00:00', '18:00:00', '09:30:00', '19:00:00', 30, 0, 1, 'present'),
  ('2026-jan-31-reinalyn-abarcar-2026-01-17', '2026-jan-31', 'reinalyn-abarcar', '2026-01-17', '09:00:00', '18:00:00', '09:20:00', '18:00:00', 20, 0, 0, 'present'),
  ('2026-jan-31-reinalyn-abarcar-2026-01-18', '2026-jan-31', 'reinalyn-abarcar', '2026-01-18', 'RD', null, 'RD', null, 0, 0, 0, 'rest_day'),
  ('2026-jan-31-reinalyn-abarcar-2026-01-19', '2026-jan-31', 'reinalyn-abarcar', '2026-01-19', '09:00:00', '18:00:00', '09:40:00', '18:00:00', 40, 0, 0, 'present'),
  ('2026-jan-31-reinalyn-abarcar-2026-01-20', '2026-jan-31', 'reinalyn-abarcar', '2026-01-20', '09:00:00', '18:00:00', '09:10:00', '18:00:00', 10, 0, 0, 'present'),
  ('2026-jan-31-reinalyn-abarcar-2026-01-21', '2026-jan-31', 'reinalyn-abarcar', '2026-01-21', '09:00:00', '18:00:00', '09:19:00', '18:00:00', 19, 0, 0, 'present'),
  ('2026-jan-31-reinalyn-abarcar-2026-01-22', '2026-jan-31', 'reinalyn-abarcar', '2026-01-22', '09:00:00', '18:00:00', '09:40:00', '18:00:00', 40, 0, 0, 'present'),
  ('2026-jan-31-reinalyn-abarcar-2026-01-23', '2026-jan-31', 'reinalyn-abarcar', '2026-01-23', '09:00:00', '18:00:00', '09:32:00', '18:00:00', 32, 0, 0, 'present'),
  ('2026-jan-31-reinalyn-abarcar-2026-01-24', '2026-jan-31', 'reinalyn-abarcar', '2026-01-24', '09:00:00', '18:00:00', '09:05:00', '18:00:00', 5, 0, 0, 'present'),
  ('2026-jan-31-reinalyn-abarcar-2026-01-25', '2026-jan-31', 'reinalyn-abarcar', '2026-01-25', 'RD', null, 'RD', null, 0, 0, 0, 'rest_day'),
  ('2026-jan-31-richel-amparado-2026-01-16', '2026-jan-31', 'richel-amparado', '2026-01-16', 'ABSENT', null, 'ABSENT', null, 0, 0, 0, 'absent'),
  ('2026-jan-31-richel-amparado-2026-01-17', '2026-jan-31', 'richel-amparado', '2026-01-17', '09:00:00', '00:00:00', '09:36:00', '00:00:00', 36, 0, 0, 'present'),
  ('2026-jan-31-richel-amparado-2026-01-18', '2026-jan-31', 'richel-amparado', '2026-01-18', '09:00:00', '00:00:00', '09:23:00', '00:00:00', 23, 0, 0, 'present'),
  ('2026-jan-31-richel-amparado-2026-01-19', '2026-jan-31', 'richel-amparado', '2026-01-19', '09:00:00', '00:00:00', '09:51:00', '00:00:00', 51, 0, 0, 'present'),
  ('2026-jan-31-richel-amparado-2026-01-20', '2026-jan-31', 'richel-amparado', '2026-01-20', '09:00:00', '00:00:00', '09:22:00', '00:00:00', 22, 0, 0, 'present'),
  ('2026-jan-31-richel-amparado-2026-01-21', '2026-jan-31', 'richel-amparado', '2026-01-21', '09:00:00', '00:00:00', '09:30:00', '00:00:00', 30, 0, 0, 'present'),
  ('2026-jan-31-richel-amparado-2026-01-22', '2026-jan-31', 'richel-amparado', '2026-01-22', '09:00:00', '00:00:00', '09:40:00', '00:00:00', 40, 0, 0, 'present'),
  ('2026-jan-31-richel-amparado-2026-01-23', '2026-jan-31', 'richel-amparado', '2026-01-23', '09:00:00', '00:00:00', '09:13:00', '00:00:00', 13, 0, 0, 'present'),
  ('2026-jan-31-richel-amparado-2026-01-24', '2026-jan-31', 'richel-amparado', '2026-01-24', '09:00:00', '00:00:00', '09:33:00', '00:00:00', 33, 0, 0, 'present'),
  ('2026-jan-31-richel-amparado-2026-01-25', '2026-jan-31', 'richel-amparado', '2026-01-25', '09:00:00', '00:00:00', '09:13:00', '00:00:00', 13, 0, 0, 'present'),
  ('2026-jan-31-richel-amparado-2026-01-26', '2026-jan-31', 'richel-amparado', '2026-01-26', '09:00:00', '00:00:00', '09:32:00', '00:00:00', 32, 0, 0, 'present'),
  ('2026-jan-31-richel-amparado-2026-01-27', '2026-jan-31', 'richel-amparado', '2026-01-27', 'RD', null, 'RD', null, 0, 0, 0, 'rest_day'),
  ('2026-jan-31-richel-amparado-2026-01-28', '2026-jan-31', 'richel-amparado', '2026-01-28', '09:00:00', '00:00:00', '09:22:00', '00:00:00', 22, 0, 0, 'present'),
  ('2026-jan-31-richel-amparado-2026-01-29', '2026-jan-31', 'richel-amparado', '2026-01-29', '09:00:00', '00:00:00', '09:00:00', '00:00:00', 0, 0, 0, 'present'),
  ('2026-jan-31-richel-amparado-2026-01-30', '2026-jan-31', 'richel-amparado', '2026-01-30', '09:00:00', '00:00:00', '09:00:00', '00:00:00', 0, 0, 0, 'present'),
  ('2026-jan-31-richel-amparado-2026-01-31', '2026-jan-31', 'richel-amparado', '2026-01-31', '09:00:00', '00:00:00', '09:00:00', '00:00:00', 0, 0, 0, 'present'),
  ('2026-mar-28-cindy-malagueno-2026-03-21', '2026-mar-28', 'cindy-malagueno', '2026-03-21', '16:00:00', '1900-01-01 01:00:00', '16:00:00', '01:00:00', 0, 0, 0, 'present'),
  ('2026-mar-28-cindy-malagueno-2026-03-22', '2026-mar-28', 'cindy-malagueno', '2026-03-22', '16:00:00', '1900-01-01 01:00:00', '17:27:00', '07:00:00', 87, 0, 6, 'present'),
  ('2026-mar-28-cindy-malagueno-2026-03-23', '2026-mar-28', 'cindy-malagueno', '2026-03-23', '09:00:00', '18:00:00', '09:00:00', '01:00:00', 0, 0, 7, 'present'),
  ('2026-mar-28-cindy-malagueno-2026-03-24', '2026-mar-28', 'cindy-malagueno', '2026-03-24', '09:00:00', '18:00:00', '09:00:00', '01:00:00', 0, 0, 7, 'present'),
  ('2026-mar-28-cindy-malagueno-2026-03-25', '2026-mar-28', 'cindy-malagueno', '2026-03-25', '09:00:00', '18:00:00', '09:00:00', '19:25:00', 0, 0, 1, 'present'),
  ('2026-mar-28-cindy-malagueno-2026-03-26', '2026-mar-28', 'cindy-malagueno', '2026-03-26', '09:00:00', '18:00:00', '09:00:00', '18:30:00', 0, 0, 0, 'present'),
  ('2026-mar-28-cindy-malagueno-2026-03-27', '2026-mar-28', 'cindy-malagueno', '2026-03-27', '09:00:00', '18:00:00', '09:00:00', '20:00:00', 0, 0, 2, 'present'),
  ('2026-mar-28-lyca-amparado-2026-03-21', '2026-mar-28', 'lyca-amparado', '2026-03-21', '09:00:00', '00:00:00', '09:00:00', '00:00:00', 0, 0, 0, 'present'),
  ('2026-mar-28-lyca-amparado-2026-03-22', '2026-mar-28', 'lyca-amparado', '2026-03-22', '09:00:00', '00:00:00', '09:00:00', '00:00:00', 0, 0, 0, 'present'),
  ('2026-mar-28-lyca-amparado-2026-03-23', '2026-mar-28', 'lyca-amparado', '2026-03-23', '09:00:00', '00:00:00', '09:00:00', '00:00:00', 0, 0, 0, 'present'),
  ('2026-mar-28-lyca-amparado-2026-03-24', '2026-mar-28', 'lyca-amparado', '2026-03-24', '09:00:00', '00:00:00', '09:00:00', '00:00:00', 0, 0, 0, 'present'),
  ('2026-mar-28-lyca-amparado-2026-03-25', '2026-mar-28', 'lyca-amparado', '2026-03-25', '09:00:00', '00:00:00', '09:00:00', '00:00:00', 0, 0, 0, 'present'),
  ('2026-mar-28-lyca-amparado-2026-03-26', '2026-mar-28', 'lyca-amparado', '2026-03-26', '09:00:00', '00:00:00', '09:00:00', '00:00:00', 0, 0, 0, 'present'),
  ('2026-mar-28-lyca-amparado-2026-03-27', '2026-mar-28', 'lyca-amparado', '2026-03-27', 'RD', null, 'RD', null, 0, 0, 0, 'rest_day'),
  ('2026-mar-28-mark-lester-arce-2026-03-21', '2026-mar-28', 'mark-lester-arce', '2026-03-21', 'ABSENT', null, 'ABSENT', null, 0, 0, 0, 'absent'),
  ('2026-mar-28-mark-lester-arce-2026-03-22', '2026-mar-28', 'mark-lester-arce', '2026-03-22', '09:00:00', '18:00:00', '09:15:00', '18:00:00', 15, 0, 0, 'present'),
  ('2026-mar-28-mark-lester-arce-2026-03-23', '2026-mar-28', 'mark-lester-arce', '2026-03-23', '09:00:00', '18:00:00', '09:00:00', '20:00:00', 0, 0, 2, 'present'),
  ('2026-mar-28-mark-lester-arce-2026-03-24', '2026-mar-28', 'mark-lester-arce', '2026-03-24', 'RD', null, 'RD', null, 0, 0, 0, 'rest_day'),
  ('2026-mar-28-mark-lester-arce-2026-03-25', '2026-mar-28', 'mark-lester-arce', '2026-03-25', '16:00:00', '1900-01-01 01:00:00', '16:40:00', '01:00:00', 40, 0, 0, 'present'),
  ('2026-mar-28-mark-lester-arce-2026-03-26', '2026-mar-28', 'mark-lester-arce', '2026-03-26', '16:00:00', '1900-01-01 01:00:00', '17:20:00', '01:00:00', 80, 0, 0, 'present'),
  ('2026-mar-28-mark-lester-arce-2026-03-27', '2026-mar-28', 'mark-lester-arce', '2026-03-27', '16:00:00', '1900-01-01 01:00:00', '17:20:00', '01:00:00', 80, 0, 0, 'present'),
  ('2026-mar-28-mecaila-amparado-2026-03-21', '2026-mar-28', 'mecaila-amparado', '2026-03-21', '09:00:00', '00:00:00', '09:00:00', '00:00:00', 0, 0, 0, 'present'),
  ('2026-mar-28-mecaila-amparado-2026-03-22', '2026-mar-28', 'mecaila-amparado', '2026-03-22', '09:00:00', '00:00:00', '09:00:00', '04:00:00', 0, 0, 4, 'present'),
  ('2026-mar-28-mecaila-amparado-2026-03-23', '2026-mar-28', 'mecaila-amparado', '2026-03-23', '09:00:00', '19:00:00', '07:00:00', '23:00:00', 0, 0, 6, 'present'),
  ('2026-mar-28-mecaila-amparado-2026-03-24', '2026-mar-28', 'mecaila-amparado', '2026-03-24', '11:00:00', '19:00:00', '11:16:00', '23:00:00', 16, 0, 2, 'present'),
  ('2026-mar-28-mecaila-amparado-2026-03-25', '2026-mar-28', 'mecaila-amparado', '2026-03-25', '07:00:00', '19:00:00', '07:07:00', '23:00:00', 7, 0, 6, 'present'),
  ('2026-mar-28-mecaila-amparado-2026-03-26', '2026-mar-28', 'mecaila-amparado', '2026-03-26', '07:00:00', '19:00:00', '07:20:00', '23:00:00', 20, 0, 6, 'present'),
  ('2026-mar-28-mecaila-amparado-2026-03-27', '2026-mar-28', 'mecaila-amparado', '2026-03-27', '08:00:00', '19:00:00', '08:10:00', '23:00:00', 10, 0, 5, 'present'),
  ('2026-mar-28-norilyn-hernandez-2026-03-21', '2026-mar-28', 'norilyn-hernandez', '2026-03-21', '09:00:00', '00:00:00', '09:00:00', '00:00:00', 0, 0, 0, 'present'),
  ('2026-mar-28-norilyn-hernandez-2026-03-22', '2026-mar-28', 'norilyn-hernandez', '2026-03-22', '09:00:00', '00:00:00', '09:00:00', '00:00:00', 0, 0, 0, 'present'),
  ('2026-mar-28-norilyn-hernandez-2026-03-23', '2026-mar-28', 'norilyn-hernandez', '2026-03-23', '09:00:00', '00:00:00', '09:00:00', '00:00:00', 0, 0, 0, 'present'),
  ('2026-mar-28-norilyn-hernandez-2026-03-24', '2026-mar-28', 'norilyn-hernandez', '2026-03-24', '09:00:00', '00:00:00', '09:00:00', '00:00:00', 0, 0, 0, 'present'),
  ('2026-mar-28-norilyn-hernandez-2026-03-25', '2026-mar-28', 'norilyn-hernandez', '2026-03-25', '09:00:00', '00:00:00', '09:00:00', '00:00:00', 0, 0, 0, 'present'),
  ('2026-mar-28-norilyn-hernandez-2026-03-26', '2026-mar-28', 'norilyn-hernandez', '2026-03-26', 'RD', null, 'RD', null, 0, 0, 0, 'rest_day'),
  ('2026-mar-28-norilyn-hernandez-2026-03-27', '2026-mar-28', 'norilyn-hernandez', '2026-03-27', '09:00:00', '00:00:00', '09:00:00', '00:00:00', 0, 0, 0, 'present'),
  ('2026-mar-28-reinalyn-abarcar-2026-03-21', '2026-mar-28', 'reinalyn-abarcar', '2026-03-21', '09:00:00', '18:00:00', '09:00:00', '00:00:00', 0, 0, 6, 'present'),
  ('2026-mar-28-reinalyn-abarcar-2026-03-22', '2026-mar-28', 'reinalyn-abarcar', '2026-03-22', '17:00:00', '1900-01-01 02:00:00', '17:00:00', '06:00:00', 0, 0, 4, 'present'),
  ('2026-mar-28-reinalyn-abarcar-2026-03-23', '2026-mar-28', 'reinalyn-abarcar', '2026-03-23', '08:00:00', '17:00:00', '08:00:00', '23:00:00', 0, 0, 6, 'present'),
  ('2026-mar-28-reinalyn-abarcar-2026-03-24', '2026-mar-28', 'reinalyn-abarcar', '2026-03-24', '11:00:00', '20:00:00', '11:16:00', '23:00:00', 16, 0, 3, 'present'),
  ('2026-mar-28-reinalyn-abarcar-2026-03-25', '2026-mar-28', 'reinalyn-abarcar', '2026-03-25', '07:00:00', '16:00:00', '07:10:00', '23:00:00', 10, 0, 7, 'present'),
  ('2026-mar-28-reinalyn-abarcar-2026-03-26', '2026-mar-28', 'reinalyn-abarcar', '2026-03-26', '07:00:00', '16:00:00', '07:00:00', '23:00:00', 0, 0, 0, 'present'),
  ('2026-mar-28-reinalyn-abarcar-2026-03-27', '2026-mar-28', 'reinalyn-abarcar', '2026-03-27', '08:00:00', '17:00:00', '08:10:00', '23:00:00', 10, 0, 6, 'present'),
  ('2026-mar-28-richel-amparado-2026-03-21', '2026-mar-28', 'richel-amparado', '2026-03-21', '09:00:00', '00:00:00', '09:30:00', '00:00:00', 30, 0, 0, 'present'),
  ('2026-mar-28-richel-amparado-2026-03-22', '2026-mar-28', 'richel-amparado', '2026-03-22', '09:00:00', '00:00:00', '09:20:00', '00:00:00', 20, 0, 0, 'present'),
  ('2026-mar-28-richel-amparado-2026-03-23', '2026-mar-28', 'richel-amparado', '2026-03-23', 'RD', null, 'RD', null, 0, 0, 0, 'rest_day'),
  ('2026-mar-28-richel-amparado-2026-03-24', '2026-mar-28', 'richel-amparado', '2026-03-24', '09:00:00', '00:00:00', '09:00:00', '00:00:00', 0, 0, 0, 'present'),
  ('2026-mar-28-richel-amparado-2026-03-25', '2026-mar-28', 'richel-amparado', '2026-03-25', '09:00:00', '00:00:00', '09:00:00', '00:00:00', 0, 0, 0, 'present'),
  ('2026-mar-28-richel-amparado-2026-03-26', '2026-mar-28', 'richel-amparado', '2026-03-26', '09:00:00', '00:00:00', '09:35:00', '00:00:00', 35, 0, 0, 'present'),
  ('2026-mar-28-richel-amparado-2026-03-27', '2026-mar-28', 'richel-amparado', '2026-03-27', '09:00:00', '00:00:00', '09:30:00', '00:00:00', 30, 0, 0, 'present')
on conflict (id) do update set schedule_in = excluded.schedule_in, schedule_out = excluded.schedule_out, actual_in = excluded.actual_in, actual_out = excluded.actual_out, late_minutes = excluded.late_minutes, undertime_minutes = excluded.undertime_minutes, overtime_hours = excluded.overtime_hours, status = excluded.status, updated_at = now();

-- Imported 8 employees, 8 payroll periods, 55 payroll entries, and 480 attendance rows.
